 3       1    {-1,-1,-1}
 4       1    {-1,2,-1,2}
 5       1    {-1,-1,-1,-1,-1}
 5       2    {-1,2,1,1,1,2}
 6       1    {-1,2,3,-1,3,2,-3}
 6       2    {-1,2,-1,-1,-1,2}
 6       3    {-1,2,2,-1,-1,2}
 7       1    {-1,-1,-1,-1,-1,-1,-1}
 7       2    {1,1,1,2,3,-1,3,2,-3}
 7       3    {-1,2,1,1,1,1,1,2}
 7       4    {-1,2,-1,-2,-2,-3,2,-3,-2}
 7       5    {-1,-2,-2,-2,-2,-1,-1,2}
 7       6    {-1,2,-3,-1,-3,2,-3}
 7       7    {-1,2,-3,-1,2,-3,2}
 8       1    {-1,2,3,4,-1,-3,4,3,2,-3}
 8       2    {-1,2,-1,-1,-1,-1,-1,2}
 8       3    {-1,2,-3,-4,1,-4,1,2,-3,4}
 8       4    {-1,-1,-1,2,3,-1,3,2,-3}
 8       5    {-1,-1,-1,2,-1,-1,-1,2}
 8       6    {-1,2,3,-1,3,3,3,2,-3}
 8       7    {-1,2,2,2,2,-1,-1,2}
 8       8    {1,1,1,2,-3,-1,-3,2,-3}
 8       9    {-1,2,-1,-1,-1,2,2,2}
 8      10    {-1,2,2,-1,-1,2,2,2}
 8      11    {-1,2,-1,2,2,3,-2,3,2}
 8      12    {-1,2,-3,4,-1,2,-3,4}
 8      13    {1,2,-3,-3,2,-3,2,1,-2}
 8      14    {-1,2,3,-1,3,3,2,-3,2}
 8      15    {-1,2,-3,-1,-3,-2,-2,-2,-3}
 8      16    {-1,2,-1,2,2,-1,2,2}
 8      17    {-1,2,-1,2,2,-1,-1,2}
 8      18    {-1,2,-1,2,-1,2,-1,2}
 8      19    {-1,-1,-1,-2,-1,-1,-1,-2}
 8      20    {-1,-1,-1,2,1,1,1,2}
 8      21    {-1,2,2,-1,-1,-2,-2,-2}
 9       1    {-1,-1,-1,-1,-1,-1,-1,-1,-1}
 9       2    {-1,2,-1,-2,-3,-4,3,-4,-3,-2,-2,3}
 9       3    {-1,2,1,1,1,1,1,1,1,2}
 9       4    {-1,2,-1,-2,-3,-3,-2,-2,-2,-2,3}
 9       5    {-1,2,3,4,-2,-3,4,3,2,1,1,2}
 9       6    {-1,-2,-2,-2,-2,-2,-2,-1,-1,2}
 9       7    {-1,2,-1,-2,-3,-3,-3,-3,-2,-2,3}
 9       8    {-1,2,3,-4,-1,-4,3,-4,2,-3}
 9       9    {-1,2,1,1,1,1,1,2,2,2}
 9      10    {1,2,3,3,2,-3,2,2,2,1,-2}
 9      11    {-1,2,-3,-1,-3,-3,-3,2,-3}
 9      12    {-1,2,-3,-4,-1,-4,-1,2,-3,4}
 9      13    {1,2,3,3,2,2,2,-3,2,1,-2}
 9      14    {-1,2,-3,-4,-1,2,-4,-3,2,4}
 9      15    {-1,2,-3,4,-1,2,-3,-4,-4,-4}
 9      16    {-1,-1,-1,-2,-2,-2,-2,-1,-1,2}
 9      17    {-1,2,-1,2,2,-3,2,-3,2}
 9      18    {1,2,2,3,3,2,2,2,1,-2,-3}
 9      19    {-1,2,3,-4,-1,3,-4,3,2,-3}
 9      20    {-1,-1,-1,2,-3,-1,-3,2,-3}
 9      21    {-1,2,-3,-4,-1,3,-4,-3,2,-3}
 9      22    {-1,2,-3,-1,2,2,2,-3,2}
 9      23    {1,2,2,-1,2,-3,2,2,1,3,3}
 9      24    {-1,2,-3,-1,-3,2,2,2,-3}
 9      25    {-1,2,-3,4,-1,2,3,3,3,4}
 9      26    {-1,2,-3,-1,-3,-3,2,-3,2}
 9      27    {-1,2,-3,-3,2,-3,2,-1,2}
 9      28    {-1,2,2,-3,-1,-3,2,-3,-1}
 9      29    {-1,2,-3,2,2,-1,2,-3,2}
 9      30    {-1,2,-1,2,-3,-3,2,2,-3}
 9      31    {-1,2,-3,-1,-3,2,-3,2,-1}
 9      32    {-1,2,-3,-1,2,-3,2,-3,-3}
 9      33    {-1,2,-3,-1,2,2,-3,2,-3}
 9      34    {-1,2,-1,2,-3,2,-1,2,-3}
 9      35    {-1,2,3,4,-2,3,4,3,2,-3,1,-4,1,2}
 9      36    {-1,2,-3,-1,-3,2,-3,-3,-3}
 9      37    {-1,2,-3,-1,2,-3,-4,3,-2,3,2,4}
 9      38    {1,2,3,3,2,2,-1,2,-3,2,1}
 9      39    {-1,2,3,4,-1,-3,4,2,-3,2,3,3}
 9      40    {-1,2,-3,-1,2,-1,-3,2,-3}
 9      41    {-1,2,-3,-4,-1,3,-4,-2,3,-2,3,3}
 9      42    {-1,2,3,-1,-2,-2,-2,3,2}
 9      43    {-1,2,3,-1,2,2,2,3,2}
 9      44    {-1,-2,3,-2,-2,-1,2,3,2}
 9      45    {-1,2,-3,-1,-2,-2,-2,-3,2}
 9      46    {-1,2,-3,-2,-2,-1,2,-3,2}
 9      47    {-1,2,-1,2,3,2,-1,2,3}
 9      48    {1,2,3,3,-2,1,-2,-3,-1,2,1}
 9      49    {-1,2,-3,-1,-3,-2,-2,-3,2,-3,-2}
10       1    {-1,2,-3,4,5,-1,-3,-4,5,-4,-2,3,-2}
10       2    {-1,2,-1,-1,-1,-1,-1,-1,-1,2}
10       3    {-1,2,-3,4,5,-1,-3,-4,5,4,-2,3,-2}
10       4    {-1,2,-3,4,-1,-3,4,-2,4,4,3,-2}
10       5    {-1,2,2,2,2,2,2,-1,-1,2}
10       6    {-1,2,3,-1,-2,-2,-2,-2,-2,3,-2}
10       7    {-1,2,-1,2,-3,2,3,4,4,3,2,-4}
10       8    {-1,2,3,-1,3,3,3,3,-2,3,-2}
10       9    {-1,2,-1,-1,-1,-1,-1,2,2,2}
10      10    {-1,2,3,4,-2,-3,4,3,2,-1,-1,2}
10      11    {-1,2,3,4,-1,-3,4,-2,-2,-2,3,-2}
10      12    {-1,2,-1,-2,3,3,-2,-2,-2,-2,3}
10      13    {-1,2,-3,4,5,-1,2,-3,-4,5,4}
10      14    {-1,2,-1,2,3,3,2,2,2,2,-3}
10      15    {-1,2,-1,-2,3,3,3,3,-2,-2,3}
10      16    {-1,2,-3,-4,2,3,-4,-3,2,1,1,2}
10      17    {-1,2,2,2,2,-1,-1,-1,-1,2}
10      18    {-1,2,2,1,1,2,-3,-4,2,3,-4,-3}
10      19    {-1,-1,-1,2,3,-1,3,2,-3,2,-1}
10      20    {-1,2,-3,4,-1,-3,-3,-3,4,-2,3,-2}
10      21    {-1,2,3,3,2,-3,2,2,2,-1,2}
10      22    {-1,2,3,-1,3,3,-2,-2,-2,3,-2}
10      23    {1,2,-3,-3,2,-3,2,2,2,1,-2}
10      24    {-1,2,-3,-4,2,3,-4,3,2,1,1,2}
10      25    {-1,2,3,3,2,2,2,-3,2,-1,2}
10      26    {-1,-1,-1,2,3,3,2,-3,2,-1,2}
10      27    {-1,2,3,-1,3,2,2,2,-3,2,-1}
10      28    {-1,2,-1,-2,3,-2,-3,4,4,-3,-2,4}
10      29    {-1,2,-3,4,-1,2,-3,4,4,4}
10      30    {-1,2,3,-4,-2,3,-4,3,2,1,1,2}
10      31    {-1,2,-1,-2,3,4,-3,4,3,-2,-2,3}
10      32    {-1,-1,-1,2,2,3,3,2,-1,2,-3}
10      33    {-1,2,-1,-2,3,-2,3,4,4,3,-2,-4}
10      34    {-1,2,-1,-2,-3,4,4,-3,4,-2,-2,3}
10      35    {-1,2,-3,4,5,-1,2,-3,-4,5,-4}
10      36    {-1,2,-1,2,3,4,-3,4,3,2,2,-3}
10      37    {-1,2,-1,-2,3,3,-2,-2,3,4,-3,4}
10      38    {-1,2,2,1,1,2,-3,-4,2,3,-4,3}
10      39    {-1,2,2,3,3,2,2,2,-1,2,-3}
10      40    {-1,2,-1,2,-3,2,2,3,3,2,-1}
10      41    {-1,2,-3,4,-1,-3,4,-3,2,-3}
10      42    {-1,2,-3,4,-1,4,-3,4,2,-3}
10      43    {-1,2,-3,4,-1,4,-1,2,-3,4}
10      44    {-1,2,-3,4,-1,2,4,-3,2,4}
10      45    {-1,2,-3,4,-1,-3,4,2,-3,2}
10      46    {-1,-1,-1,2,-1,-1,-1,-1,-1,2}
10      47    {-1,2,2,-1,-1,2,2,2,2,2}
10      48    {-1,-1,-1,2,2,2,2,-1,-1,2}
10      49    {-1,-1,-1,-2,-2,-3,-1,-3,2,-3,-1}
10      50    {-1,2,-1,-2,-2,3,-2,-2,-2,3,-2}
10      51    {1,2,2,-3,-3,2,2,2,1,-2,-3}
10      52    {-1,2,3,-1,3,-1,-1,2,-3,2,-1}
10      53    {-1,-2,-2,-3,-1,-1,2,-3,-4,3,-4,-3}
10      54    {-1,2,-1,-2,3,3,-2,-2,3,3,3}
10      55    {-1,2,-1,-2,-3,-3,-4,-2,-2,3,-4,-4}
10      56    {-1,2,2,3,3,2,-1,2,2,2,-3}
10      57    {1,2,2,-1,2,-3,2,2,1,-3,-3}
10      58    {-1,2,3,-1,3,4,-5,2,-3,4,-5}
10      59    {-1,2,-1,2,-3,4,2,2,-3,4}
10      60    {-1,2,-1,2,3,-4,3,-4,3,-2,-2,-3}
10      61    {-1,2,3,-1,3,3,-2,3,3,3,-2}
10      62    {-1,2,2,2,2,-1,-1,2,2,2}
10      63    {-1,2,-3,-4,-1,-1,-2,-2,-2,3,-4,-3}
10      64    {-1,-1,-1,2,-1,-1,-1,2,2,2}
10      65    {1,2,-3,-3,2,2,2,-3,2,1,-2}
10      66    {-1,-2,-2,-2,-2,-3,-1,-3,2,-3,-1}
10      67    {-1,2,2,1,1,2,-3,2,-3,4,3,-2,3,-4}
10      68    {-1,2,3,4,-2,3,4,3,2,-3,-1,-4,-1,2}
10      69    {-1,2,-3,-4,-1,2,-4,-3,2,3,-4,-3}
10      70    {-1,2,-3,4,-1,2,-3,-3,-3,4}
10      71    {-1,2,2,-3,4,-1,-1,2,-3,4}
10      72    {-1,2,-1,2,3,3,3,3,2,2,-3}
10      73    {-1,2,-1,2,3,-4,-4,3,-4,-2,-2,-3}
10      74    {-1,2,-3,4,2,-3,-4,3,2,-3,1,4,1,2}
10      75    {-1,2,-3,-1,2,-3,-4,-3,2,-3,2,4}
10      76    {-1,2,3,-1,3,3,-2,3,3,3,2}
10      77    {1,1,1,2,2,-3,-3,2,1,-2,-3}
10      78    {-1,-2,-2,-1,-1,2,3,-4,-2,-4,3,-4}
10      79    {-1,-1,-1,2,2,-1,-1,2,2,2}
10      80    {-1,-2,-2,-3,-1,-3,-1,-1,2,-3,-1}
10      81    {-1,-2,-2,-3,4,-1,4,-1,2,3,3,4}
10      82    {-1,2,-1,2,2,-1,-1,-1,-1,2}
10      83    {-1,2,3,-1,3,2,-3,2,-1,2,2}
10      84    {-1,2,2,3,-1,3,2,-1,2,2,-3}
10      85    {-1,2,-1,2,2,-1,2,2,2,2}
10      86    {-1,2,3,-1,3,-1,2,-3,2,-1,2}
10      87    {-1,2,2,3,-1,3,-1,2,-1,2,-3}
10      88    {-1,2,-3,-1,2,-3,2,4,-3,4}
10      89    {-1,2,-1,2,-3,-3,-2,-2,3,-4,3,-4}
10      90    {-1,2,3,-1,-2,-2,3,3,-2,3,-2}
10      91    {-1,2,2,2,-1,2,-1,-1,2,-1}
10      92    {-1,2,-3,2,2,1,1,1,2,-3,2}
10      93    {-1,2,-1,-2,3,-2,3,3,-2,3,3}
10      94    {-1,-1,2,2,-1,2,-1,-1,-1,2}
10      95    {1,2,-3,-3,2,2,-1,2,-3,2,1}
10      96    {-1,2,3,-1,3,-4,3,-2,3,-2,-4,-3}
10      97    {-1,2,-1,2,3,4,4,3,2,2,-3,4,-3,-4}
10      98    {-1,2,2,-3,2,-1,2,2,3,3,2}
10      99    {-1,2,2,-1,-1,2,-1,-1,2,2}
10     100    {-1,2,2,2,-1,2,2,-1,2,2}
10     101    {-1,2,2,3,1,3,1,2,-3,4,2,-3,4,3}
10     102    {-1,2,3,-1,3,-2,-2,3,-2,3,-2}
10     103    {-1,2,-1,-2,3,-2,-2,3,-2,-2,3}
10     104    {-1,2,-1,-1,2,2,2,-1,-1,2}
10     105    {-1,2,-3,4,-1,-2,4,3,-2,3,3,4}
10     106    {-1,2,-1,-1,-1,2,2,-1,-1,2}
10     107    {-1,2,3,-4,-1,2,-4,-3,2,3,3,-4}
10     108    {-1,2,3,-1,3,-2,3,-2,3,3,-2}
10     109    {-1,2,2,-1,-1,2,2,-1,-1,2}
10     110    {-1,2,3,-1,-2,3,2,-4,2,2,3,-4}
10     111    {-1,2,2,3,3,2,-1,2,-3,2,2}
10     112    {-1,2,-1,2,-1,2,-1,2,2,2}
10     113    {-1,2,-1,2,3,3,3,2,-1,2,-3}
10     114    {-1,2,-1,-2,3,-2,3,-2,3,-2,3}
10     115    {-1,2,3,-1,3,-2,3,4,-2,-2,-3,4}
10     116    {-1,2,2,-1,2,-1,2,-1,2,2}
10     117    {-1,2,-1,2,-3,2,-1,2,2,3,3}
10     118    {-1,2,-1,2,-1,-1,2,-1,2,2}
10     119    {-1,2,3,3,2,-1,2,-3,-1,2,-1}
10     120    {-1,2,3,3,2,1,1,2,-3,4,2,-3,4,3}
10     121    {-1,2,3,3,2,-1,2,-3,2,-1,2}
10     122    {-1,2,-1,2,-1,-3,2,-1,2,3,3}
10     123    {-1,2,-1,2,-1,2,-1,2,-1,2}
10     124    {-1,-1,-1,-2,-1,-1,-1,-1,-1,-2}
10     125    {-1,-1,-1,-2,1,1,1,1,1,-2}
10     126    {-1,-1,-1,2,1,1,1,1,1,2}
10     127    {-1,2,2,-1,-1,-2,-2,-2,-2,-2}
10     128    {-1,-2,-2,-3,-3,-2,-2,-2,-1,2,-3}
10     129    {1,-2,-2,-3,-3,2,2,2,1,-2,-3}
10     130    {1,2,3,-1,3,-1,2,-3,2,1,-2}
10     131    {-1,2,2,-3,-3,-2,-2,-2,-1,2,-3}
10     132    {-1,2,-1,-2,-3,-3,-2,-2,3,3,3}
10     133    {-1,2,-1,-2,3,3,-2,-2,-3,-3,-3}
10     134    {-1,2,-1,-2,-3,-3,-2,-2,-3,-3,-3}
10     135    {1,2,2,-1,2,-3,-2,-2,1,-3,-3}
10     136    {1,-2,3,3,2,-1,2,-3,-1,-2,1}
10     137    {-1,2,-1,2,-3,4,-2,-2,-3,4}
10     138    {-1,2,-1,2,3,-4,2,2,3,-4}
10     139    {-1,-2,-2,-2,-2,-1,-1,-2,-2,-2}
10     140    {-1,2,-1,-2,-3,2,-3,-2,3,-2,3}
10     141    {-1,2,2,2,2,-1,-1,-2,-2,-2}
10     142    {-1,-2,-3,-3,-2,-2,-2,-3,-2,-1,2}
10     143    {-1,-2,-2,-2,-2,-1,-1,2,2,2}
10     144    {-1,2,3,-1,2,2,3,3,-2,3,-2}
10     145    {-1,-2,-2,-3,2,-1,-2,-2,-3,-3,2}
10     146    {1,2,-3,-3,-2,1,-2,-3,-1,2,1}
10     147    {1,-2,3,3,-2,1,-2,-3,1,-2,1}
10     148    {-1,-1,-1,-2,-2,-1,-1,2,2,2}
10     149    {-1,-1,-1,2,2,-1,-1,-2,-2,-2}
10     150    {1,-2,-2,-3,-3,2,1,-2,-2,-2,-3}
10     151    {1,2,2,1,-2,-3,2,2,1,-3,-3}
10     152    {-1,-1,-1,-2,-2,-1,-1,-2,-2,-2}
10     153    {1,2,2,1,2,-3,-2,-2,1,-3,-3}
10     154    {-1,-2,-2,-1,2,-3,-2,-2,-1,-3,-3}
10     155    {-1,2,2,-1,-1,-2,1,1,-2,-2}
10     156    {-1,2,-3,-1,-3,-3,-2,3,-2,3,3}
10     157    {-1,2,2,1,1,-2,1,1,2,2}
10     158    {-1,2,-1,-2,-3,2,2,-3,2,2,-3}
10     159    {-1,2,1,1,1,2,2,-1,-1,2}
10     160    {-1,2,3,-1,3,3,2,-3,2,3,3}
10     161    {-1,2,1,1,2,2,2,1,1,2}
10     162    {-1,2,3,-1,3,2,-3,-3,2,2,3}
10     163    {-1,2,-1,-2,-3,2,-3,2,-3,2,-3}
10     164    {1,-2,3,3,-2,1,-2,-3,-2,1,-2}
10     165    {1,2,3,3,2,-1,2,-3,-1,2,1}
11       1    {-1,2,-1,2,3,3,4,4,3,3,-4,-2,-2,-3}
11       2    {-1,2,-1,2,3,3,4,2,2,-3,4,4}
11       3    {-1,2,-1,2,-3,-3,2,2,-3,-3,-3}
11       4    {-1,2,-1,2,-3,-3,2,2,-3,-4,3,-4}
11       5    {-1,2,-1,2,3,-4,5,3,-4,-2,5,-2,-3}
11       6    {-1,2,-1,2,3,-4,3,-4,3,2,2,-3}
11       7    {-1,2,-1,2,-3,-3,-3,-3,2,2,-3}
11       8    {-1,2,-1,2,-3,-4,3,-4,-3,2,2,-3}
11       9    {-1,2,-3,-1,2,2,2,2,2,-3,2}
11      10    {-1,2,-1,2,3,3,3,4,-3,4,3,-2,-2,-3}
11      11    {-1,2,-1,2,3,-4,-4,3,-4,2,2,-3}
11      12    {-1,2,3,-4,-1,3,3,3,-4,2,-3,2}
11      13    {-1,2,3,-4,-5,-1,3,4,-5,4,2,-3,2}
11      14    {-1,2,2,-1,2,-3,2,2,-1,-3,-3}
11      15    {-1,2,2,-3,-3,2,-1,2,2,2,-3}
11      16    {-1,2,2,-1,-1,2,-3,-4,2,3,-4,3}
11      17    {-1,2,3,-1,3,-4,2,-4,-5,-3,-5,4,-5}
11      18    {-1,2,2,-3,4,-1,4,-1,2,3,3,4}
11      19    {-1,2,2,-3,-1,-3,-1,2,-1,2,-3}
11      20    {-1,-2,-2,-3,-1,-3,-1,-3,4,2,-3,4}
11      21    {1,-2,-3,-4,1,-4,-5,-3,-5,-2,4,-5,3}
11      22    {-1,2,2,-3,-1,-3,-1,-1,2,-3,-1}
11      23    {-1,2,-1,-2,3,3,-4,-2,-2,3,-4,-4}
11      24    {1,1,-2,-2,-1,-1,2,-3,2,2,1,-3,-3}
11      25    {1,-2,-2,-1,-1,-1,2,-3,2,2,1,-3,-3}
11      26    {-1,2,2,-3,-1,-3,2,-1,2,2,-3}
11      27    {-1,2,2,-3,4,1,1,2,-3,2,-3,4}
11      28    {-1,2,-3,-1,2,2,2,-3,2,-3,-3}
11      29    {-1,2,-1,2,3,4,-3,4,3,-2,-2,-3,-3,-3}
11      30    {-1,2,-1,2,3,-4,-4,3,2,2,-3,4,-3,-4}
11      31    {-1,-2,-2,-3,-1,-1,2,-3,4,-3,4,-3}
11      32    {-1,-2,-2,-3,4,-1,-1,2,-3,4,4,-3}
11      33    {-1,2,2,-3,-3,2,2,2,-1,2,-3}
11      34    {-1,-1,-1,2,2,-3,-3,2,-1,2,-3}
11      35    {-1,2,-1,2,-3,2,2,-3,-3,2,-1}
11      36    {-1,2,2,3,-4,1,-4,1,3,-2,-2,-3,-4,2}
11      37    {-1,2,2,-1,-1,2,-3,-4,2,3,-4,-3}
11      38    {-1,2,2,-1,-1,2,-3,2,-3,4,3,-2,3,-4}
11      39    {-1,-2,-2,-3,4,-1,-1,2,-3,4,4,4}
11      40    {-1,-1,-1,2,2,-3,-1,-3,2,-3,-1}
11      41    {-1,2,2,-3,-1,-1,2,-3,-4,3,-4,-3}
11      42    {1,-2,3,-4,1,-2,-4,-5,-5,4,3,-4,-5}
11      43    {-1,-2,-2,-3,-1,-3,-4,-1,-2,3,2,-4,-4,-3}
11      44    {-1,2,-1,2,-3,2,2,-3,1,-3,-2,1,-2}
11      45    {1,2,-3,-4,2,-4,1,-5,-2,-5,-3,4,-5}
11      46    {-1,2,2,-1,-1,2,3,-4,-2,-4,3,-4}
11      47    {-1,2,2,-3,-1,-3,2,2,2,-3,-1}
11      48    {-1,2,2,-3,4,1,1,2,2,-3,2,4}
11      49    {-1,2,3,-1,3,4,2,4,4,-3,4,4}
11      50    {-1,2,-1,-2,-3,-3,-4,5,-2,-2,3,-4,5}
11      51    {-1,2,-3,-1,-3,4,-5,2,-3,4,-5}
11      52    {-1,2,-1,2,-3,-3,4,-2,4,-2,3,3,-4,3}
11      53    {-1,2,-3,-1,2,-3,2,-3,-3,-3,-3}
11      54    {-1,2,-3,-1,2,-3,2,-3,-3,-4,3,-4}
11      55    {-1,2,-3,-1,-3,2,2,2,2,2,-3}
11      56    {-1,-2,-2,-1,-1,2,3,-2,3,3,4,-3,4,3}
11      57    {1,1,-2,-3,1,1,1,-2,-2,-3,-3,2,1}
11      58    {-1,2,3,-4,-2,3,-1,3,-1,3,2,-4}
11      59    {-1,2,3,4,-5,-1,-5,4,3,-4,-5,2,-3}
11      60    {-1,2,3,-1,3,4,2,-3,4,4,4,4}
11      61    {-1,2,3,-1,3,4,2,-3,4,5,-4,5,4}
11      62    {-1,2,-3,-1,-3,2,-3,-3,-3,-3,-3}
11      63    {-1,2,-3,-1,-3,2,-3,-3,-3,-4,3,-4}
11      64    {-1,2,2,-3,4,1,1,2,2,2,-3,4}
11      65    {-1,2,-1,-2,-3,4,-5,-3,4,-2,-5,-2,3}
11      66    {-1,2,-3,-1,2,2,-3,2,-3,-3,-3}
11      67    {-1,2,-3,-1,2,2,-3,2,-3,-4,3,-4}
11      68    {-1,2,-3,-1,2,2,2,2,-3,2,-3}
11      69    {-1,2,-1,2,-3,-3,-2,-2,3,3,3,4,-3,4}
11      70    {-1,2,-1,2,3,-4,3,3,2,2,3,-4,-3,-3}
11      71    {-1,2,-3,-1,-3,-1,2,-3,2,-1,2}
11      72    {-1,2,-3,-1,-3,2,-3,2,-1,2,2}
11      73    {-1,2,-1,2,-3,2,-3,2,-3,2,-3}
11      74    {-1,2,-1,2,2,-3,2,2,2,-3,2}
11      75    {-1,2,-1,2,2,3,-4,3,-4,2,-3,2}
11      76    {-1,2,-3,-1,2,2,-3,-3,2,-3,2}
11      77    {-1,2,2,1,1,2,-3,4,2,-3,4,-3}
11      78    {-1,2,2,1,1,2,-3,2,-3,4,-3,2,-3,-4}
11      79    {-1,2,-1,2,-3,2,-3,-3,2,-3,-3}
11      80    {-1,2,-1,2,2,-3,2,-3,2,-3,-3}
11      81    {-1,2,-1,2,-3,2,-3,2,2,-3,2}
11      82    {-1,2,-3,-3,2,-3,2,-1,2,2,2}
11      83    {-1,2,-3,-1,-3,-1,-1,2,-3,2,-1}
11      84    {-1,2,-3,-4,2,3,-4,3,2,-1,-1,2}
11      85    {-1,2,-1,-2,3,-4,-4,3,-4,-2,-2,3}
11      86    {-1,2,-1,2,-3,-3,2,2,2,2,-3}
11      87    {-1,2,-1,2,-3,-4,2,-4,3,-2,3,-4,2,3}
11      88    {-1,2,-3,-1,-3,-3,2,2,2,-3,2}
11      89    {-1,2,-1,2,2,3,-4,3,-4,-2,3,2}
11      90    {-1,2,3,-4,-1,3,-4,2,-4,-4,-3,2}
11      91    {-1,2,3,-4,-2,3,-4,3,2,-1,-1,2}
11      92    {-1,2,-1,2,-3,-3,-3,2,-3,-3,2}
11      93    {-1,2,-1,-2,3,-4,3,-4,3,-2,-2,3}
11      94    {1,1,1,2,2,-1,2,-3,2,2,1,3,3}
11      95    {-1,2,-1,-2,-3,-3,-4,-4,-3,-3,4,-2,-2,3}
11      96    {-1,2,-3,4,-5,-1,2,-3,4,-5,4}
11      97    {-1,2,-3,-4,-1,3,-4,2,2,2,-3,2}
11      98    {-1,2,3,4,-5,-1,-3,4,-5,4,-2,3,-2}
11      99    {-1,2,-1,2,-3,2,2,-3,2,2,-3}
11     100    {-1,2,-3,4,-1,-1,-2,-2,-2,-3,4,-3}
11     101    {-1,2,2,-3,4,1,1,-2,-2,3,-2,3,3,4}
11     102    {-1,2,3,-1,-2,3,-4,-3,2,2,2,-3,2,4}
11     103    {-1,2,3,4,-1,-3,4,-5,-4,3,-4,-2,5,3,2}
11     104    {-1,2,2,3,1,3,-4,1,-2,3,-2,-4,-4,-3}
11     105    {-1,-2,-2,-2,-2,-3,4,-1,-1,2,-3,4}
11     106    {-1,2,2,2,2,-3,-1,-3,2,-3,-1}
11     107    {-1,2,3,-2,3,2,4,-3,-1,-1,2,-3,-3,-4}
11     108    {-1,2,-3,-3,2,2,2,-3,2,-1,2}
11     109    {-1,2,-3,-1,-3,2,2,2,-3,2,-1}
11     110    {-1,2,-1,2,-3,2,3,-4,-4,3,2,-4}
11     111    {-1,2,3,-4,-4,3,2,-3,-4,-1,-1,2}
11     112    {-1,2,-3,-1,2,-3,2,2,2,-3,-3}
11     113    {-1,2,-3,-1,-3,-3,2,-3,2,-3,-3}
11     114    {-1,2,2,3,1,3,1,2,-3,-4,2,-4,3,-4}
11     115    {-1,2,2,-3,4,1,1,-2,-2,-2,3,-2,3,4}
11     116    {-1,2,2,3,-4,1,1,2,-3,2,3,3,3,-4}
11     117    {-1,2,2,1,1,2,-3,4,2,4,-3,4}
11     118    {-1,2,3,-4,-1,3,3,3,-4,-2,3,2}
11     119    {-1,2,3,-4,-5,-1,3,4,-5,4,-2,3,2}
11     120    {-1,2,2,1,1,2,-3,4,2,-3,2,4}
11     121    {-1,2,-3,4,-5,-1,-3,4,-5,2,-3}
11     122    {-1,2,-3,-4,-1,3,-4,2,-3,2,-3,-3}
11     123    {-1,2,2,3,4,1,4,1,3,2,2,-3,4,-3,2,-4}
11     124    {1,1,1,2,-3,2,-1,2,2,3,3,3,2}
11     125    {-1,2,-3,-3,2,-1,2,-3,-1,2,-1}
11     126    {-1,2,-3,-3,2,2,-1,2,-3,2,-1}
11     127    {-1,2,-3,-1,-3,2,-1,-3,-1,2,-1}
11     128    {-1,2,-3,4,5,-1,2,3,-4,-3,5,-3,4}
11     129    {-1,2,-3,-1,2,-3,-3,-3,2,-3,-3}
11     130    {-1,2,3,-4,-1,-2,-2,3,-4,-2,3,-2}
11     131    {-1,2,-3,-1,-3,2,-3,2,2,-3,-3}
11     132    {-1,2,-3,-1,2,-3,-4,3,-2,3,2,4,4,4}
11     133    {-1,2,-3,4,5,-1,2,3,3,3,-4,5,4}
11     134    {-1,2,-3,4,-1,4,-1,-2,-2,-2,-3,4}
11     135    {-1,2,3,-4,-1,3,-2,3,-4,3,2,-4}
11     136    {-1,2,-3,-4,-1,2,-4,-3,2,-3,4,-3}
11     137    {-1,2,-3,4,-1,-3,-3,2,-3,-2,3,4,-3,2}
11     138    {-1,2,-3,4,-1,-3,2,-3,-2,3,4,-3,2,4}
11     139    {-1,-1,-1,2,-3,-1,-3,2,2,2,-3}
11     140    {-1,2,3,-4,-2,-4,-1,-4,-1,3,2,-4}
11     141    {-1,2,3,-4,-1,3,-4,-2,3,2,-4,-4}
11     142    {-1,2,-3,-1,-3,-3,-3,2,-3,-3,-3}
11     143    {-1,2,-3,-4,-1,3,-4,-3,2,-3,-3,-3}
11     144    {-1,2,-1,-2,3,-4,-2,-2,-2,-2,3,-4}
11     145    {-1,2,-3,-4,-5,-1,-5,-4,3,-4,5,2,-3}
11     146    {-1,2,-3,-1,-3,-3,2,2,-3,2,-3}
11     147    {-1,-1,2,2,-3,-1,2,-1,-3,-3,2}
11     148    {-1,2,3,4,-1,4,-5,3,4,2,-3,-5,4,4,5}
11     149    {-1,2,3,-4,-1,3,-2,3,3,-4,3,2}
11     150    {-1,2,-3,-4,-1,-4,-3,2,-3,-3,4,-3}
11     151    {-1,2,-3,-1,2,2,-3,-3,-3,2,-3}
11     152    {-1,2,-3,-4,-1,2,2,3,-4,-3,2,-3}
11     153    {-1,2,-1,-2,3,-4,-2,-2,3,3,3,-4}
11     154    {-1,2,-1,-2,3,4,-5,-3,4,-2,-5,-2,3}
11     155    {-1,2,3,3,2,-1,-1,2,-3,4,2,-3,4,3}
11     156    {-1,2,-3,-1,-3,2,2,2,-3,-3,-3}
11     157    {-1,2,-3,-1,-3,2,-3,-3,2,2,-3}
11     158    {-1,2,2,-3,-3,2,-1,2,-3,2,2}
11     159    {-1,2,-3,4,-5,-1,2,-3,-5,4,-5}
11     160    {-1,2,2,-3,-1,-3,2,-3,-1,2,2}
11     161    {-1,2,3,-4,-1,-2,-4,3,2,-4,-4,-4}
11     162    {-1,2,-3,-1,2,-3,-3,2,-3,2,-3}
11     163    {-1,2,-3,-1,2,2,-3,2,2,2,-3}
11     164    {-1,2,-3,-1,2,-3,2,-3,2,2,-3}
11     165    {-1,2,-3,-4,-1,-1,2,2,2,3,-4,-3}
11     166    {-1,2,3,4,-5,-1,-3,-5,-2,4,-5,3,-2}
11     167    {-1,2,3,-4,-1,3,3,-4,-2,3,2,-4}
11     168    {-1,2,-1,-2,-3,4,-3,2,4,-3,-3,2,4,3}
11     169    {-1,2,-3,-4,-1,3,-4,2,2,-3,2,-3}
11     170    {-1,2,-3,-3,2,-1,2,-3,2,-1,2}
11     171    {-1,2,-3,-1,-3,2,-1,-3,2,-1,2}
11     172    {-1,-2,3,3,-2,1,1,2,-3,-4,2,3,-4,3}
11     173    {-1,2,2,-3,-4,1,1,-2,3,-2,3,-4,3,3}
11     174    {-1,2,-3,-3,2,-3,2,2,2,-1,2}
11     175    {-1,2,-3,-1,-3,2,-3,2,2,2,-1}
11     176    {-1,-1,-1,2,-3,-3,2,-3,2,-1,2}
11     177    {-1,-1,-1,2,-3,-1,-3,2,-3,2,-1}
11     178    {-1,2,-1,-2,3,-2,3,-4,-4,3,-2,-4}
11     179    {-1,2,-1,2,2,2,2,-3,2,-3,2}
11     180    {-1,2,-1,2,2,-3,-3,-3,2,-3,2}
11     181    {-1,2,-3,-4,-2,3,-4,3,-2,3,1,3,1,2}
11     182    {-1,2,-3,-1,-3,-3,-3,-3,2,-3,2}
11     183    {-1,2,-3,4,2,-3,4,-3,2,1,1,2}
11     184    {-1,2,-1,2,-3,2,-3,-3,-3,-3,2}
11     185    {-1,2,-1,2,-3,2,-3,-4,-4,-3,2,4}
11     186    {1,2,2,-1,2,-3,2,2,3,3,2,2,1}
11     187    {-1,2,-3,4,2,-3,-4,3,2,-3,-1,4,-1,2}
11     188    {-1,2,-1,2,2,-3,-4,3,-4,2,-3,2}
11     189    {-1,2,-3,-1,-3,2,2,-3,2,-3,2}
11     190    {-1,2,-3,-4,2,3,-4,-3,2,-1,-1,2}
11     191    {1,2,2,2,2,-1,2,-3,2,2,1,3,3}
11     192    {-1,2,2,1,1,2,-3,2,3,3,4,-3,4,3}
11     193    {-1,2,3,-4,-1,3,-4,-2,-2,-2,3,-2}
11     194    {-1,2,-3,-1,-3,-3,2,-3,-3,-3,2}
11     195    {-1,2,-3,4,-5,-1,-3,4,-5,4,-2,3,-2}
11     196    {-1,2,-3,-1,-3,2,-3,2,-3,-3,2}
11     197    {-1,2,2,3,1,1,-2,3,4,-2,4,-2,-3,4}
11     198    {-1,2,3,-4,-2,-3,4,-3,2,-3,-1,4,-1,2}
11     199    {-1,2,3,-1,-2,3,4,3,-2,4,-3,4,3,-2}
11     200    {-1,2,2,3,-4,3,1,-4,1,2,3,3,2,4,-3,2}
11     201    {-1,2,3,4,-1,-3,4,-5,-4,3,-4,-2,5,3,-2}
11     202    {-1,-2,3,-4,-2,1,1,2,3,3,3,-2,3,-4}
11     203    {-1,-1,-1,-1,-1,2,-3,-1,-3,2,-3}
11     204    {-1,2,-1,-2,-2,3,-4,-2,-4,3,-2,-4}
11     205    {-1,2,3,-4,-1,3,-4,-2,-4,-4,3,2}
11     206    {-1,2,-3,-1,-3,-3,-3,-3,-3,2,-3}
11     207    {-1,2,-3,-1,-3,-3,-4,-4,-3,4,2,-3}
11     208    {-1,2,-3,4,2,-3,4,1,1,2,2,2}
11     209    {-1,2,3,-4,5,-1,2,-3,-4,2,-3,-3,4,4,5}
11     210    {-1,2,3,-4,-5,-1,3,4,-5,4,-2,3,-2}
11     211    {-1,2,-3,-4,-5,-1,-5,-4,-3,4,5,2,-3}
11     212    {-1,2,2,3,1,3,1,-2,3,4,-2,4,-3,4}
11     213    {-1,2,2,3,-4,1,1,2,2,2,3,-2,3,-4}
11     214    {-1,2,-3,4,-1,-3,4,-5,4,-3,4,-2,5,3,-2}
11     215    {-1,2,-1,2,-1,-3,-1,2,-1,-3,-3}
11     216    {-1,-1,2,-3,-1,2,-1,2,2,-3,-3}
11     217    {-1,2,-3,-1,-3,2,2,-3,-3,2,-3}
11     218    {-1,2,3,-4,5,-1,2,-3,2,3,3,-4,5}
11     219    {-1,2,-3,-4,-5,-1,-3,4,-5,-4,-3,4,2,4,-3}
11     220    {-1,2,-1,-2,3,-4,-2,-2,3,-4,-4,-4}
11     221    {-1,2,-3,-1,-3,-3,-3,2,2,2,-3}
11     222    {-1,2,-3,4,2,-3,1,-3,1,-3,2,4}
11     223    {-1,-1,2,-3,-1,-1,-1,2,-1,-3,-3}
11     224    {-1,2,3,-4,-1,-2,-4,-2,-2,3,-2,-4}
11     225    {-1,2,3,-4,-1,-2,-4,-4,-4,3,2,-4}
11     226    {-1,2,3,-4,-5,-1,-5,-4,3,-4,5,2,-3}
11     227    {1,1,1,2,2,3,3,2,-1,2,-3,2,2}
11     228    {-1,2,-3,4,-5,-1,-2,3,-2,3,3,4,-5}
11     229    {-1,2,-1,-2,3,-4,-5,-2,-2,3,4,-5,-4}
11     230    {-1,2,-3,4,-5,-1,-3,-5,-2,4,-5,3,-2}
11     231    {-1,2,2,2,-3,-1,-3,2,2,2,-3}
11     232    {-1,2,2,-3,2,-1,2,2,-3,-3,2}
11     233    {-1,2,-1,2,-3,2,-1,2,2,-3,-3}
11     234    {-1,2,2,1,1,2,2,2,2,2,2,2}
11     235    {1,2,2,3,3,2,2,2,2,2,1,-2,-3}
11     236    {1,1,1,2,2,3,3,2,2,2,1,-2,-3}
11     237    {-1,2,2,-3,1,1,2,3,4,3,4,3,2,-3,2,-4}
11     238    {-1,2,2,1,1,2,2,2,3,4,-2,-3,4,3}
11     239    {-1,2,-1,2,-1,-3,2,-1,2,-3,-3}
11     240    {-1,-1,-1,-2,-2,-2,-2,-2,-2,-1,-1,2}
11     241    {-1,2,-1,-2,-2,-2,-3,-3,-3,-3,-2,-2,3}
11     242    {-1,2,-1,-2,-3,-3,-3,-3,-3,-3,-2,-2,3}
11     243    {-1,2,-1,-2,-3,-3,-3,-4,3,-4,-3,-2,-2,3}
11     244    {1,1,1,2,2,-3,2,-1,2,2,3,3,2}
11     245    {1,1,-2,-3,1,1,1,2,2,3,3,2,1}
11     246    {-1,2,-1,-2,-3,-4,3,-4,-4,-4,-3,-2,-2,3}
11     247    {-1,2,-1,-2,-3,-4,-5,3,4,-5,-4,-3,-2,-2,3}
11     248    {-1,2,-1,2,-3,-3,-3,2,-1,2,-3}
11     249    {-1,2,3,-4,-1,3,-2,3,-4,3,-2,-4}
11     250    {-1,2,2,2,-3,-1,2,2,2,-3,2}
11     251    {-1,2,2,2,-1,2,-3,-3,-3,-2,-2,3,3}
11     252    {-1,2,2,2,-3,-1,2,2,-3,2,-3}
11     253    {-1,2,2,2,-3,-1,2,-3,2,-3,-3}
11     254    {1,2,3,-2,3,-2,3,-2,1,-2,-2,-2,-3}
11     255    {-1,2,-1,-1,-1,2,-3,2,-1,2,-3}
11     256    {-1,2,3,-4,-1,-2,3,-2,3,-4,3,-2}
11     257    {-1,2,2,2,-3,-1,-3,-3,2,-3,2}
11     258    {-1,2,3,-4,-1,3,3,3,-4,-2,3,-2}
11     259    {-1,-1,-1,2,-3,-1,-3,2,-3,-3,-3}
11     260    {-1,2,3,-4,-1,-2,-4,3,-2,-4,-4,-4}
11     261    {-1,-1,2,-3,-1,-3,-3,2,-1,2,-3}
11     262    {-1,2,3,-4,-1,3,-4,-2,3,-2,-4,-4}
11     263    {-1,-1,2,-3,-1,-1,-1,-2,-2,-3,-3,-2,-1}
11     264    {-1,-1,-1,2,-3,2,2,-3,-1,2,-3}
11     265    {-1,2,3,-4,-1,3,3,-4,-2,3,-2,-4}
11     266    {-1,2,-1,2,-3,2,-1,-3,2,-3,2}
11     267    {-1,2,-1,2,-3,2,-1,-3,-3,2,-3}
11     268    {-1,2,-1,2,-3,2,-1,2,2,2,-3}
11     269    {-1,2,-1,2,-3,2,-1,2,-3,2,2}
11     270    {-1,-2,3,-4,3,-2,-2,1,1,2,3,-2,-4,3}
11     271    {-1,2,-1,-2,-3,-3,2,-3,2,-3,2,-4,3,-4}
11     272    {-1,2,-1,-2,-3,-3,4,2,-3,2,-3,2,4,3}
11     273    {-1,2,-3,4,-1,2,-3,-2,4,-2,-2,-3,-2,4}
11     274    {-1,2,-3,-3,2,2,-3,-1,2,-3,2}
11     275    {-1,2,-3,4,-1,-2,-2,-2,-3,2,-3,4,-3,-2}
11     276    {-1,2,-3,-1,2,-3,4,-3,-2,-2,-2,-3,-2,4}
11     277    {-1,2,-3,2,-1,2,-1,-3,-1,-1,2}
11     278    {-1,2,3,-1,-2,3,-4,3,-2,3,-2,-4}
11     279    {-1,2,-3,-4,-1,3,-4,-2,3,-2,3,3,3,3}
11     280    {-1,2,-3,-4,-5,-1,-2,3,4,-3,4,5,-4,3,-2,3,4}
11     281    {-1,2,2,-3,2,-1,2,-3,2,2,-3}
11     282    {-1,2,-3,2,2,2,-1,2,-1,-3,2}
11     283    {-1,2,-3,-4,-1,3,-4,-2,-2,-2,3,-2,3,3}
11     284    {-1,2,2,-3,-1,2,-1,-3,2,-1,-3}
11     285    {-1,-2,3,-2,-2,1,1,2,3,-4,3,-2,3,-4}
11     286    {-1,2,2,-3,2,-1,-3,2,2,-3,2}
11     287    {-1,2,2,-3,2,-1,-3,2,-3,2,-3}
11     288    {-1,2,2,-3,-1,2,-3,2,-1,2,-3}
11     289    {-1,2,-3,2,2,-1,2,-1,-3,-1,2}
11     290    {-1,2,-3,-4,-1,3,-2,-2,3,3,-4,3,-2,3}
11     291    {1,2,3,3,2,2,2,2,-1,2,-3,2,1}
11     292    {-1,2,-1,-2,-2,-2,-3,-4,-4,-3,-2,-2,3,-4,3,4}
11     293    {-1,2,-3,2,2,2,2,-1,2,-3,2}
11     294    {-1,2,3,-1,2,-3,4,-3,2,-3,4,-3,-3,-2}
11     295    {-1,2,3,4,-1,-3,4,2,2,2,-3,2,3,3}
11     296    {-1,2,-1,-2,3,4,-5,-2,-3,-3,4,-2,-3,4,-5}
11     297    {-1,-2,3,-4,3,2,2,1,1,-2,3,-2,-4,3}
11     298    {1,1,1,2,3,3,2,2,-1,2,-3,2,1}
11     299    {-1,2,3,4,4,3,-2,3,-4,3,1,3,1,2}
11     300    {-1,2,-3,-3,2,2,-1,2,-3,2,-3}
11     301    {-1,-1,2,-3,-1,2,-1,-3,2,-3,2}
11     302    {-1,-1,2,-3,-1,2,-1,-3,-3,2,-3}
11     303    {-1,2,-1,-2,-3,2,-3,2,2,-3,2,-4,3,-4}
11     304    {-1,2,-3,4,-1,-2,3,-2,-3,-3,-3,4,-3,-2}
11     305    {-1,2,-3,2,2,-1,2,2,-3,2,-3}
11     306    {-1,-1,-1,2,-3,-1,-3,-3,2,-3,2}
11     307    {-1,2,3,-4,-1,3,-4,-2,-4,-4,3,-2}
11     308    {-1,-1,-1,2,-3,-1,-3,-3,-3,2,-3}
11     309    {-1,2,-3,4,2,4,1,4,1,-3,2,4}
11     310    {-1,2,3,-4,-1,-2,-4,-4,-4,3,-2,-4}
11     311    {-1,2,3,-4,-5,-1,-2,-5,-4,3,-2,-4,5}
11     312    {-1,2,-3,-4,-1,3,-4,-2,3,-2,-2,-2,3,3}
11     313    {-1,2,-3,4,-5,-1,4,-5,-3,-4,-2,5,3,-2,4}
11     314    {-1,2,-3,-1,-1,2,-1,2,-1,-3,2}
11     315    {-1,2,-3,-1,-1,2,2,-1,2,-3,2}
11     316    {-1,2,-3,2,2,-1,-1,-1,2,-3,2}
11     317    {-1,2,-3,4,2,1,1,-2,3,-2,-2,-2,3,4}
11     318    {1,2,2,3,3,2,2,-1,2,-3,2,2,1}
11     319    {1,2,3,3,2,2,-1,2,2,2,-3,2,1}
11     320    {-1,2,3,3,2,1,1,-2,3,4,-3,4,2,2,2,-3}
11     321    {-1,2,3,4,-1,-3,4,2,-3,2,3,3,3,3}
11     322    {-1,-2,3,2,2,1,1,-2,3,-4,3,-2,3,-4}
11     323    {-1,2,3,-4,-1,3,-2,3,3,-4,3,-2}
11     324    {-1,2,-3,-4,-5,-1,4,-5,3,-4,-2,3,-2,-4,3}
11     325    {-1,2,3,-4,5,-1,3,-4,5,4,-2,3,-2,4,4}
11     326    {-1,2,-3,2,-1,-1,2,-1,2,-3,2}
11     327    {-1,2,-3,-4,-1,-2,-4,-2,3,-2,3,3,4,-3}
11     328    {-1,2,-3,-4,-1,3,-4,-2,-2,3,-4,-2,-4,3}
11     329    {-1,2,3,3,4,2,-3,1,1,2,2,3,-4,3,-4,2}
11     330    {-1,2,-3,2,2,-1,2,2,2,-3,2}
11     331    {-1,2,-1,-2,-3,-3,4,-3,2,-3,-3,2,4,3}
11     332    {-1,2,2,-3,-1,2,-1,-3,2,2,-3}
11     333    {-1,2,3,-4,-5,-1,3,4,-5,-4,-2,3,-2}
11     334    {-1,2,2,2,2,1,1,2,2,2,2,2}
11     335    {1,2,2,2,2,3,3,2,2,2,1,-2,-3}
11     336    {1,2,3,3,2,2,2,2,2,-3,2,1,-2}
11     337    {-1,2,-1,-2,3,-2,-3,-3,-3,-4,-4,-3,-2,4}
11     338    {-1,2,2,2,2,1,1,1,1,2,2,2}
11     339    {-1,2,-1,-2,-3,-3,-3,-3,-2,-2,-2,-2,3}
11     340    {-1,2,-1,-2,-2,-3,-3,-3,2,-3,-3,-3,-2}
11     341    {-1,2,3,4,-3,4,3,-2,3,1,3,1,3,2}
11     342    {-1,2,-1,-2,-3,-4,3,-4,-3,-2,-2,-2,-2,3}
11     343    {1,2,3,4,5,5,4,-5,4,3,-4,2,1,-2,-3}
11     344    {-1,2,-3,4,2,1,1,-2,3,3,3,-2,3,4}
11     345    {-1,2,-3,4,-5,-1,-3,-3,4,-5,-4,-2,3,-2,4}
11     346    {-1,2,2,-3,2,-1,2,2,2,-3,2}
11     347    {-1,2,-1,-2,3,4,2,-3,2,-3,-3,4,-3,-3}
11     348    {-1,2,-3,-1,2,-1,-3,-1,-1,2,-3}
11     349    {-1,2,3,-4,-1,-2,3,-2,-4,3,-2,-4}
11     350    {-1,2,-3,2,2,-1,2,-1,-3,2,-3}
11     351    {-1,2,-3,-1,2,2,2,-1,-3,2,-3}
11     352    {-1,-2,3,-4,-2,-2,1,1,2,3,-2,-4,3,-4}
11     353    {1,2,3,3,2,2,-1,2,-3,2,2,2,1}
11     354    {-1,2,3,4,2,-3,4,3,2,-3,1,1,2,2,-3,2}
11     355    {-1,2,2,2,2,2,2,1,1,2,2,2}
11     356    {1,2,3,3,2,2,2,-3,2,2,2,1,-2}
11     357    {1,1,1,2,3,3,2,2,2,-3,2,1,-2}
11     358    {-1,2,-1,-2,-3,-3,-2,-2,-2,-2,-2,-2,3}
11     359    {-1,2,2,2,3,4,-2,-3,4,3,2,1,1,2}
11     360    {-1,2,3,4,-2,-3,4,3,2,1,1,2,2,2}
11     361    {-1,2,3,4,-2,3,4,3,2,-3,1,-4,1,2,2,2}
11     362    {-1,2,-1,-2,-3,2,-3,-4,3,-4,-5,-4,3,-4,-3,5,-2}
11     363    {1,2,3,-4,5,3,5,4,-5,4,3,2,1,-2,-3}
11     364    {-1,2,2,2,2,2,2,2,2,1,1,2}
11     365    {1,2,3,3,2,-3,2,2,2,2,2,1,-2}
11     366    {-1,2,2,2,3,4,-2,3,4,3,2,-3,1,-4,1,2}
11     367    {-1,-1,-1,-1,-1,-1,-1,-1,-1,-1,-1}
11     368    {-1,2,-1,2,-3,-3,-2,-2,-3,-4,3,-4}
11     369    {-1,2,-1,2,3,3,2,2,3,4,-3,4}
11     370    {-1,2,2,-3,4,1,1,-2,-2,-3,2,4}
11     371    {-1,2,-1,2,3,3,2,2,-3,-3,-3}
11     372    {-1,2,-1,2,-3,-3,2,2,3,3,3}
11     373    {-1,2,-1,2,-3,-3,-4,2,2,3,-4,-4}
11     374    {-1,2,-1,2,3,3,4,-2,-2,-3,4,4}
11     375    {-1,2,3,3,2,2,1,1,2,-3,-2,1,-2}
11     376    {-1,2,-1,2,3,3,2,2,3,3,3}
11     377    {-1,2,-1,2,-3,-3,-2,-2,-3,-3,-3}
11     378    {-1,2,-1,2,3,3,-2,-2,3,3,3}
11     379    {1,-2,-3,-3,2,-1,2,-3,-1,-2,1}
11     380    {-1,2,-1,2,3,3,3,3,2,2,3}
11     381    {-1,2,-1,2,-3,-3,-3,-3,-2,-2,-3}
11     382    {-1,2,-1,2,3,3,3,3,-2,-2,3}
11     383    {-1,2,-1,2,3,4,-3,4,3,2,2,3}
11     384    {-1,2,-1,2,-3,-4,3,-4,-3,-2,-2,-3}
11     385    {-1,2,-1,2,3,4,-3,4,3,-2,-2,3}
11     386    {-1,2,3,-1,-2,-2,-2,-2,-2,3,2}
11     387    {-1,2,3,-1,-2,-2,-2,3,2,-4,3,-4}
11     388    {1,-2,-2,1,2,-3,2,2,1,-3,-3}
11     389    {-1,-2,-2,-1,2,-3,2,2,-1,-3,-3}
11     390    {1,2,2,1,2,-3,2,2,1,-3,-3}
11     391    {1,2,2,-3,-3,2,1,-2,-2,-2,-3}
11     392    {1,2,2,-3,-3,-2,1,-2,-2,-2,-3}
11     393    {-1,-2,-2,-3,-3,2,-1,2,2,2,-3}
11     394    {1,-2,-2,-3,-3,-2,1,-2,-2,-2,-3}
11     395    {-1,2,2,-1,-1,-2,3,4,-2,-3,4,-3}
11     396    {-1,-2,-2,-1,-1,2,-3,-4,2,3,-4,3}
11     397    {-1,-2,-2,-1,-1,-2,3,4,-2,-3,4,-3}
11     398    {-1,-2,-2,-3,4,-1,-1,-2,-2,-3,2,4}
11     399    {-1,2,2,3,-4,-1,-1,2,2,3,-2,-4}
11     400    {-1,2,3,-1,3,2,-3,-4,3,3,3,-4}
11     401    {1,2,2,-3,1,-3,1,-2,1,-2,-3}
11     402    {-1,-2,-2,-3,-1,-3,-1,2,-1,2,-3}
11     403    {1,-2,-2,-3,1,-3,1,-2,1,-2,-3}
11     404    {-1,2,3,-1,-2,-2,3,3,-2,3,2}
11     405    {-1,-2,1,1,1,-2,-3,2,-1,2,-3}
11     406    {-1,-1,2,2,1,1,-2,-3,2,2,-1,-3,-3}
11     407    {1,2,2,2,3,1,-2,-2,3,-2,3}
11     408    {1,2,2,2,-3,1,2,2,-3,2,-3}
11     409    {1,1,2,2,-3,-1,-1,2,2,-3,-3,-2,1}
11     410    {1,2,2,2,3,1,-2,3,-2,3,3}
11     411    {1,2,2,2,-3,1,2,-3,2,-3,-3}
11     412    {1,2,2,-3,1,-3,-2,1,-2,-2,-3}
11     413    {-1,-2,-2,-3,-1,-3,2,-1,2,2,-3}
11     414    {1,-2,-2,-3,1,-3,-2,1,-2,-2,-3}
11     415    {-1,2,3,-1,-2,-2,-2,3,-2,3,3}
11     416    {-1,2,3,4,-1,-3,4,-2,-2,-2,3,2}
11     417    {-1,2,2,-3,2,-1,-2,-2,-3,-3,2}
11     418    {-1,-2,-2,-3,-3,2,2,2,-1,2,-3}
11     419    {1,2,2,-3,-3,-2,-2,-2,1,-2,-3}
11     420    {-1,2,-1,2,-3,2,3,-2,3,2,-3}
11     421    {-1,2,-1,2,-3,-2,-2,-3,-3,2,-1}
11     422    {1,-2,1,-2,-3,2,2,-3,-3,-2,1}
11     423    {1,2,-3,-1,-3,-1,2,-3,2,1,-2}
11     424    {1,-2,-2,-3,-3,-2,-2,-2,1,-2,-3}
11     425    {1,1,1,2,2,-3,-3,-2,1,-2,-3}
11     426    {-1,-1,-1,-2,-2,-3,-3,2,-1,2,-3}
11     427    {1,1,1,-2,-2,-3,-3,-2,1,-2,-3}
11     428    {1,-2,1,-2,-3,-2,-2,-3,-3,-2,1}
11     429    {-1,2,2,-1,-1,-2,3,4,-2,-3,4,3}
11     430    {-1,-2,-2,-1,-1,2,-3,-4,2,3,-4,-3}
11     431    {-1,-2,-2,-1,-1,-2,3,4,-2,-3,4,3}
11     432    {1,2,2,-3,2,1,3,-2,-2,3,-2}
11     433    {-1,2,3,-1,3,2,2,-1,2,-3,-2,1,2}
11     434    {-1,2,2,-1,-1,-2,-3,2,-3,4,3,-2,3,-4}
11     435    {-1,2,-3,4,-1,-2,-3,-2,-3,4,-3,2}
11     436    {-1,2,-3,4,-1,-2,-3,-2,-3,4,-3,-2}
11     437    {-1,2,3,-1,-2,3,3,3,-2,3,3}
11     438    {-1,-2,-2,-3,-1,-3,2,2,2,-3,-1}
11     439    {-1,2,2,-3,-1,-3,-2,-2,-2,-3,-1}
11     440    {1,2,2,-3,1,-3,-2,-2,-2,-3,1}
11     441    {1,-2,1,-2,-3,2,2,-3,-1,-3,2,-1,2}
11     442    {-1,2,2,2,-3,-1,-3,-2,-2,-2,-3}
11     443    {1,2,2,-3,1,-3,2,2,2,-3,1}
11     444    {-1,-2,-2,-3,-1,-3,-2,-2,-2,-3,-1}
11     445    {1,2,2,2,-3,1,-3,2,2,2,-3}
11     446    {-1,2,3,4,-1,-3,-3,-3,4,-2,3,-2}
11     447    {-1,-2,-2,3,-4,-1,-1,2,2,3,-2,-4}
11     448    {1,-2,-2,-2,-3,1,-3,-2,-2,-2,-3}
11     449    {-1,2,3,-1,-2,-2,3,-2,3,3,3}
11     450    {-1,2,3,-1,-2,-2,3,-2,3,4,-3,4}
11     451    {-1,2,-3,-3,-2,1,-2,-3,-1,2,-1}
11     452    {-1,2,-1,2,-3,2,-3,2,3,-2,3}
11     453    {-1,2,-1,2,3,-2,3,-2,3,-2,3}
11     454    {-1,2,-3,-1,-2,-2,-3,-3,2,-3,2}
11     455    {-1,2,-1,2,3,3,2,2,2,2,3}
11     456    {-1,2,-1,2,-3,-3,-2,-2,-2,-2,-3}
11     457    {-1,2,3,4,-1,-3,4,2,2,2,3,2}
11     458    {-1,2,-3,-4,-1,3,-4,-2,-2,-2,-3,2}
11     459    {-1,2,-1,2,3,-2,-2,3,-2,-2,3}
11     460    {1,1,1,2,2,3,1,3,1,2,-1,2,-3}
11     461    {1,-2,-3,-3,2,1,2,-3,-2,1,-2}
11     462    {-1,-2,-3,-3,2,-1,2,-3,-1,-2,-1}
11     463    {-1,2,3,-1,3,-2,3,-2,-2,3,3}
11     464    {-1,2,2,-1,-1,-2,-3,2,-3,4,3,-2,3,4}
11     465    {1,2,3,3,-2,1,-2,-2,-2,-3,-1,2,1}
11     466    {-1,2,-3,-2,-2,-2,1,-2,-1,-3,2}
11     467    {-1,2,-3,-1,2,-3,-4,3,-2,3,2,-4}
11     468    {-1,2,-3,-4,-1,2,-4,3,-2,3,4,-3}
11     469    {-1,2,3,-1,3,4,2,3,-2,-4,3,4}
11     470    {1,-2,3,1,3,2,2,1,1,-2,-3,-2,1}
11     471    {1,-2,-3,-3,-2,-2,-2,-3,-2,1,-2}
11     472    {-1,2,-3,-1,-3,-2,-2,-2,-3,2,-1}
11     473    {1,-2,-3,1,-3,2,2,2,-3,-2,1}
11     474    {1,-2,-3,1,-3,-2,-2,-2,-3,-2,1}
11     475    {-1,2,-3,-1,2,-3,-2,-2,-2,-3,-3}
11     476    {-1,2,-3,-1,-3,-3,-2,3,-2,-3,-3}
11     477    {-1,2,3,-1,3,3,2,-3,2,-3,-3}
11     478    {-1,2,3,-1,3,3,-2,3,-2,3,3}
11     479    {1,-2,-2,-3,-3,2,1,2,-3,-2,-2}
11     480    {-1,2,-3,-4,-1,3,-4,-2,3,-2,-3,-3}
11     481    {-1,2,-3,-4,-1,3,-4,2,-3,2,3,3}
11     482    {-1,2,-3,4,-1,-3,4,-2,3,-2,3,3}
11     483    {-1,2,3,4,-1,-3,4,-2,3,-2,-3,-3}
11     484    {-1,2,3,4,-1,-3,4,-2,3,-2,3,3}
11     485    {-1,-2,-3,-3,-2,1,-2,-3,1,-2,-1}
11     486    {1,2,-3,-3,2,-1,2,-3,-1,2,1}
11     487    {1,-2,-3,-3,-2,1,-2,-3,1,-2,1}
11     488    {1,2,3,3,-2,1,-2,-1,2,2,-3,2,1}
11     489    {-1,-2,1,-2,-3,-3,-3,2,-1,2,-3}
11     490    {-1,2,-3,4,-1,-2,-3,-2,4,-3,2,4}
11     491    {-1,2,-3,4,-1,2,-3,2,-3,4,-3,-2}
11     492    {-1,2,3,-1,3,3,2,2,-3,2,-3}
11     493    {1,2,3,1,3,2,-1,2,-3,1,2,1,2}
11     494    {-1,2,-3,-1,-3,-2,3,3,-2,-2,-3}
11     495    {-1,2,3,-1,-2,3,3,-2,3,-2,3}
11     496    {-1,2,3,-1,-2,-2,3,-2,-2,-2,3}
11     497    {-1,2,3,-1,-2,3,-2,3,-2,-2,3}
11     498    {1,2,3,3,-2,-2,1,1,-2,-3,2,1,-2}
11     499    {1,-2,-1,2,-3,2,-1,-3,-2,3,-2}
11     500    {1,-2,-3,-3,-2,1,-2,-3,-2,1,-2}
11     501    {1,2,-1,2,-3,2,1,3,3,-2,3}
11     502    {-1,2,3,-1,3,2,2,3,-2,3,2}
11     503    {1,2,2,3,1,3,1,2,2,2,1,-2,-3}
11     504    {1,2,3,3,-2,1,-2,-3,-1,2,2,2,1}
11     505    {-1,-2,1,-2,-3,2,-1,2,2,2,-3}
11     506    {-1,2,-3,-1,2,-3,-4,3,-2,3,-2,-4}
11     507    {-1,2,-1,-2,3,-4,-2,-4,-3,2,-3,4,-2,3}
11     508    {-1,-2,-3,-3,-2,1,1,-2,3,4,-3,4,-2,3}
11     509    {-1,2,3,4,-1,2,-3,2,-3,4,3,-2}
11     510    {-1,2,-1,2,3,2,-1,-2,-2,-2,3}
11     511    {-1,-2,1,-2,-1,-3,-1,2,-1,-3,-3}
11     512    {1,-2,1,-2,-3,-2,1,2,2,-3,-3}
11     513    {-1,2,-1,2,-3,2,-1,-2,-2,-3,-3}
11     514    {1,-2,1,-2,-3,-2,1,-2,-2,-3,-3}
11     515    {1,-2,1,-2,1,-3,-2,1,-2,-3,-3}
11     516    {-1,2,-1,2,3,3,3,2,-1,2,3}
11     517    {-1,2,-3,4,-1,-2,-3,-2,4,-3,-2,4}
11     518    {-1,-1,-2,-2,3,1,3,1,2,-3,-1,-3,-3}
11     519    {-1,2,2,2,3,-1,-2,3,-2,3,3}
11     520    {-1,2,-1,-1,-1,2,3,2,-1,2,3}
11     521    {-1,2,1,1,1,2,-3,2,-1,2,-3}
11     522    {-1,2,3,-1,-2,3,4,3,-2,3,-2,4}
11     523    {1,-2,1,2,-3,2,-1,-3,2,-3,2}
11     524    {1,-2,1,-2,-3,2,1,-3,2,-3,-2}
11     525    {-1,2,-1,2,3,2,-1,2,2,2,3}
11     526    {-1,2,-1,2,-3,2,-1,-2,-2,-2,-3}
11     527    {1,-2,1,2,-3,2,-1,2,-3,2,2}
11     528    {-1,-2,-3,-3,-2,1,1,2,-3,-4,3,-4,2,-3}
11     529    {-1,2,-1,-2,-3,2,-3,-2,3,-2,-3,-4,3,-4}
11     530    {-1,2,3,1,3,2,-1,2,-3,-1,2,-1,2}
11     531    {-1,2,3,1,3,2,2,-1,2,-3,2,-1,2}
11     532    {-1,2,-3,4,-1,2,-3,2,4,-3,-2,4}
11     533    {1,2,-3,-3,2,2,-3,1,2,-3,2}
11     534    {-1,2,-3,2,-1,2,1,-3,1,1,2}
11     535    {-1,2,-3,-1,2,-3,4,-3,2,-3,-2,4}
11     536    {1,2,1,1,2,-3,-2,1,2,2,3,3,2}
11     537    {-1,2,-3,-1,-3,4,2,-3,4,-3,-2,-2,3,-4}
11     538    {-1,2,-1,-2,-3,-4,-2,-4,-3,2,-3,4,-2,-3}
11     539    {-1,2,2,-3,2,-1,2,-3,-2,-2,-3}
11     540    {1,2,2,-3,2,1,2,-3,2,2,-3}
11     541    {-1,-2,-2,-3,-1,2,-1,-3,2,-1,-3}
11     542    {-1,2,-1,-2,3,4,2,4,3,2,3,-4,2,3}
11     543    {-1,-2,-2,-3,2,-1,-3,2,-3,2,-3}
11     544    {1,2,2,-3,2,1,-3,2,-3,2,-3}
11     545    {-1,-2,-2,-3,-1,2,-3,2,-1,2,-3}
11     546    {1,-2,-2,1,-2,-2,3,1,3,2,-1,2,-3}
11     547    {1,1,2,2,2,-3,1,-2,1,2,2,3,3}
11     548    {-1,2,-3,-1,-3,4,-3,-2,-3,4,-3,-3,-2,-4}
11     549    {-1,2,3,-1,-1,2,-1,2,-1,3,2}
11     550    {-1,-2,-2,-3,-1,2,-1,-3,-2,-2,-3}
11     551    {-1,2,2,-3,-1,2,-1,-3,-2,-2,-3}
11     552    {-1,2,-3,-1,-2,-2,-2,-1,-3,2,-3}
12       1    {-1,2,-1,2,3,3,-4,-4,3,3,-4,-2,-2,-3}
12       2    {-1,2,-1,2,3,-4,3,3,3,-4,3,-2,-2,-3}
12       3    {-1,2,-1,2,3,-4,-5,3,4,-5,4,3,-2,-2,-3}
12       4    {-1,2,-1,2,-3,-3,2,2,-3,4,-3,4}
12       5    {-1,2,-1,2,3,3,4,-5,2,2,-3,4,-5}
12       6    {-1,2,-1,2,-3,-3,4,2,2,-3,4,4}
12       7    {-1,2,-1,2,3,-4,3,-4,3,-2,-2,-3,-4,-4}
12       8    {-1,2,-1,2,-3,4,2,2,-3,-3,-3,4}
12       9    {-1,2,-1,2,-3,-4,5,3,-4,2,5,2,-3}
12      10    {-1,2,-1,2,3,4,4,5,3,-4,-2,5,-2,-3,5}
12      11    {-1,2,-1,2,3,-4,-4,3,-4,-2,-4,-2,-4,-3}
12      12    {-1,2,-1,-2,-3,-3,-2,-2,3,4,-5,-3,4,-5,4}
12      13    {-1,2,-1,2,3,-4,3,3,-4,3,-4,-2,-2,-3}
12      14    {-1,2,-1,2,3,-4,3,-4,3,-4,-2,-4,-2,-3}
12      15    {-1,2,-1,2,3,-4,3,3,-4,3,-2,-2,-3,-4}
12      16    {-1,2,-1,2,-3,4,-3,4,-3,2,2,-3}
12      17    {-1,2,-1,2,-3,4,4,-3,4,2,2,-3}
12      18    {-1,2,-1,2,3,3,3,-4,3,-4,3,-2,-2,-3}
12      19    {-1,2,-1,2,3,-4,3,-4,-4,-4,3,-2,-2,-3}
12      20    {-1,2,-1,2,3,3,3,-4,-4,3,-4,-2,-2,-3}
12      21    {-1,2,-1,2,3,3,4,4,3,3,-4,2,2,-3}
12      22    {-1,2,-1,2,3,-4,-5,3,4,-5,-4,3,-2,-2,-3}
12      23    {1,-2,-3,4,5,2,4,-1,-3,4,-3,-5,4,2,-1,-3,2}
12      24    {-1,2,-1,2,-3,4,2,2,-3,4,4,4}
12      25    {-1,2,-1,2,3,4,-5,-3,4,-5,4,3,-2,-2,-3}
12      26    {-1,2,-1,2,3,-4,-4,-4,-4,3,-4,-2,-2,-3}
12      27    {-1,2,-1,2,3,-4,-5,4,-5,-4,3,-4,-2,-2,-3}
12      28    {-1,2,-1,2,3,-4,5,3,-4,2,5,2,-3}
12      29    {-1,2,-1,2,-3,-4,-4,-3,2,2,-3,4,-3,-4}
12      30    {-1,2,-1,2,3,-4,-4,3,3,3,-4,-2,-2,-3}
12      31    {-1,2,-1,2,-3,4,5,2,2,-3,-4,5,4}
12      32    {-1,2,-1,2,3,4,-5,-5,4,3,-4,-5,-2,-2,-3}
12      33    {-1,2,-1,2,3,3,3,-4,-4,3,-2,-2,-3,-4}
12      34    {-1,2,-1,2,3,3,3,3,3,3,2,2,-3}
12      35    {-1,2,-1,2,3,3,3,4,-3,4,3,2,2,-3}
12      36    {-1,2,-1,2,3,4,4,3,3,3,4,2,2,-3}
12      37    {-1,2,-1,2,3,4,-3,4,4,4,3,2,2,-3}
12      38    {-1,2,-1,2,3,4,5,-3,-4,5,4,3,2,2,-3}
12      39    {-1,2,2,-3,4,-1,-1,2,2,-3,2,4}
12      40    {-1,2,2,3,-4,-1,-4,-1,3,-2,-2,-3,-4,2}
12      41    {1,1,1,2,2,-1,2,-3,2,2,1,-3,-3}
12      42    {-1,2,-1,-2,-3,-3,4,4,-3,-3,4,-2,-2,3}
12      43    {-1,2,2,3,1,3,4,1,2,2,-3,2,4,4}
12      44    {-1,-2,-2,3,-1,3,-4,2,-4,-5,-1,-3,-5,4,-5}
12      45    {-1,-2,-2,-3,4,-1,4,-1,2,3,3,4,4,4}
12      46    {-1,2,-1,-2,-3,-3,-4,5,-2,5,-2,3,4,4,5}
12      47    {-1,2,-3,-1,-3,-4,2,-4,-5,-3,-5,4,-5}
12      48    {-1,2,2,-3,4,-1,-1,2,-3,2,-3,4}
12      49    {-1,2,2,3,4,-1,4,-1,3,2,2,-3,4,-3,2,-4}
12      50    {-1,-2,-2,-3,4,-1,4,-1,2,4,4,3,3,4}
12      51    {1,2,3,3,-4,2,-4,-5,-3,-5,2,1,4,-5,-2}
12      52    {-1,-2,-2,-3,-1,-3,-1,-1,-1,-1,2,-3,-1}
12      53    {-1,-2,-2,-3,-1,-3,-1,-3,-4,3,2,-4,-3,-3}
12      54    {1,-2,3,4,1,-2,3,1,-4,3,-5,-4,-4,-5,-5}
12      55    {-1,-2,-2,-3,-4,-1,-4,-1,-4,3,2,-4,-3,-3}
12      56    {-1,2,-1,-2,-3,-4,-4,-5,-3,4,-2,-5,-2,3,-5}
12      57    {-1,2,3,-1,3,4,2,4,-5,-3,-5,4,-5}
12      58    {-1,2,2,-3,4,-1,4,-1,2,-3,-3,4}
12      59    {-1,2,-1,2,-3,-3,-2,-2,3,-4,3,3,-4,-4}
12      60    {-1,2,-1,2,3,3,4,-2,4,-2,-3,-3,4,-3}
12      61    {-1,2,2,-3,-1,-3,-1,-3,4,2,-3,4}
12      62    {1,-2,-3,4,1,4,-5,-3,-5,-2,4,-5,3}
12      63    {-1,2,-1,2,-3,-3,-4,-2,-4,-2,3,3,-4,3}
12      64    {-1,-1,2,3,-1,3,-4,-2,-4,-5,-2,-3,-5,4,-5}
12      65    {-1,-2,-2,-3,4,-1,4,-1,2,4,3,3,4,4}
12      66    {-1,2,2,-3,-4,-1,-1,-2,3,-2,3,-4,3,3}
12      67    {-1,2,-1,2,3,3,4,-2,-2,-3,-3,-3,4,-3}
12      68    {-1,2,-3,-1,2,-3,2,4,5,-3,-4,5,-4}
12      69    {-1,2,-1,2,3,-4,3,-4,3,-2,-2,-3,-3,-3}
12      70    {-1,2,-1,2,3,-4,-4,3,-4,-2,-2,-3,-3,-3}
12      71    {-1,2,-3,-1,2,2,2,-3,2,4,-3,4}
12      72    {-1,2,3,-4,-1,3,-4,2,5,2,3,-4,-2,-3,5}
12      73    {-1,2,-1,2,3,-4,5,3,2,2,-3,4,-3,-4,5}
12      74    {-1,2,3,-1,3,-4,-4,3,-2,-2,3,-4,-2,-3}
12      75    {-1,2,-1,2,3,3,3,4,4,3,2,2,-3,4,-3,-4}
12      76    {-1,-2,-3,4,5,-3,4,2,-3,4,-5,-4,-4,-3,-2,-1,2}
12      77    {-1,2,2,-1,-1,2,-3,4,2,-3,4,-3}
12      78    {1,2,2,-1,2,-3,2,2,-3,-3,2,2,1}
12      79    {-1,2,2,-1,-1,2,-3,2,-3,4,-3,2,-3,-4}
12      80    {-1,-2,-2,-1,-1,2,3,-4,-2,3,3,3,-4,3}
12      81    {-1,-2,3,-4,-4,-5,-5,4,3,-4,2,-5,-1,2,3}
12      82    {-1,2,2,1,1,2,3,3,4,2,-3,2,4,4}
12      83    {-1,2,-3,-4,-1,-4,-5,-3,-5,2,4,-5,-3}
12      84    {-1,2,2,-1,-1,2,-3,4,2,4,-3,4}
12      85    {1,2,2,2,2,-1,2,-3,2,2,1,-3,-3}
12      86    {-1,2,2,-1,-1,2,-3,2,3,3,4,-3,4,3}
12      87    {-1,2,2,-1,-1,2,-3,4,2,-3,2,4}
12      88    {-1,-2,-2,-1,-1,2,3,-4,3,-2,3,-4,3,-4}
12      89    {-1,2,2,3,-4,3,-1,-4,-1,2,3,3,2,4,-3,2}
12      90    {-1,2,2,3,-1,3,-4,-1,-2,3,-2,-4,-4,-3}
12      91    {-1,-2,-2,-1,-1,2,3,-4,3,-4,-2,3,-4,-4}
12      92    {-1,-2,-2,-3,4,-1,4,-1,2,3,3,3,3,4}
12      93    {-1,-1,-1,-2,-2,-3,-1,-3,-1,-1,2,-3,-1}
12      94    {-1,-2,-2,-3,-1,-3,-1,-3,2,-3,-4,3,-4,-3}
12      95    {-1,2,-3,-4,2,-4,-1,-5,2,-5,-3,4,-5}
12      96    {-1,-2,-2,-3,-4,3,-1,-4,-1,2,-3,-3,-3,-3}
12      97    {-1,-2,-3,-4,-4,-5,-3,-5,-2,4,-5,3,-2,-1,2}
12      98    {-1,2,2,-3,-1,-1,2,-3,4,-3,4,-3}
12      99    {-1,2,2,-3,4,-1,-1,2,-3,4,4,-3}
12     100    {-1,2,2,-3,-4,-5,-3,4,2,1,-5,2,-3,4,-3,2,-4}
12     101    {-1,-2,-2,-1,-1,2,3,-4,3,-2,3,3,-4,3}
12     102    {-1,-2,-2,-3,-1,-3,4,-1,-3,2,-3,-4,-4,-3}
12     103    {1,-2,3,-4,1,-4,-5,-3,-5,-2,3,4,-5,-2,3}
12     104    {-1,2,2,3,-4,1,-4,1,3,2,2,-3,-4,2}
12     105    {-1,-2,-2,-1,-1,2,3,-4,-2,-4,3,-4,-4,-4}
12     106    {-1,2,-1,-2,-3,-3,-2,-2,3,4,-5,-3,-5,4,-5}
12     107    {-1,-2,-2,-3,4,-3,-1,-3,-1,2,-3,-4,-4,-3}
12     108    {-1,-2,-2,-1,-1,2,3,-4,-2,3,3,-4,3,-4}
12     109    {1,2,-3,-4,2,-4,1,-5,-2,-5,3,3,3,4,-5}
12     110    {-1,2,-3,-4,-1,2,-1,-4,-5,-3,-5,4,-5}
12     111    {-1,-2,-2,-1,-1,2,3,-4,-2,3,-4,3,-4,-4}
12     112    {-1,2,2,-3,4,-1,-1,2,-3,4,4,4}
12     113    {-1,2,2,-3,-1,-3,-4,-1,-2,3,-2,-4,3,2}
12     114    {1,-2,-3,-4,1,-4,-5,-3,-5,-3,-4,-2,3,4,-5}
12     115    {-1,-2,-2,-1,-1,2,3,-4,3,3,-2,3,-4,3}
12     116    {-1,2,2,3,-1,-1,-2,-3,4,2,2,-3,2,4}
12     117    {-1,2,3,-1,-2,-2,3,-4,-2,-4,-5,-3,-5,4,-5}
12     118    {1,-2,3,4,1,-2,4,-5,-5,4,3,-4,-5}
12     119    {-1,2,2,-3,-1,-3,-4,-1,-2,3,2,-4,-4,-3}
12     120    {-1,-2,-2,-1,-1,2,3,-4,3,3,-4,-2,3,-4}
12     121    {1,2,-3,4,2,4,1,-5,-2,-5,-3,4,-5}
12     122    {-1,2,2,-3,4,-1,-1,2,2,2,-3,4}
12     123    {-1,2,-3,-1,-3,2,-3,4,-3,-3,-3,4}
12     124    {-1,2,-3,-1,-3,2,-3,4,5,-3,-4,5,-4}
12     125    {-1,2,3,-1,3,4,-5,6,2,-3,-4,-4,-5,6}
12     126    {-1,2,-3,-1,-3,4,2,4,-3,4,-3,4}
12     127    {-1,2,3,-1,3,4,2,4,4,-5,-3,4,-5}
12     128    {-1,2,3,-1,3,4,5,-6,2,-3,-4,5,4,-6}
12     129    {-1,2,-3,-1,-3,4,2,4,4,-3,4,4}
12     130    {-1,2,-1,-2,3,3,-4,5,-2,-2,3,-4,5}
12     131    {-1,2,-1,2,-3,4,-3,-3,4,-3,4,-2,-2,3}
12     132    {-1,2,-1,2,-3,4,-3,4,-3,4,-2,4,-2,3}
12     133    {-1,2,-3,-1,-3,4,2,-3,4,-3,-3,4}
12     134    {-1,2,-1,2,-3,-3,-4,-2,-2,3,3,3,-4,3}
12     135    {-1,2,-1,2,-3,-3,-2,-2,3,-4,-5,3,4,-5,4}
12     136    {-1,2,-3,-1,2,-3,2,4,-3,-3,-3,4}
12     137    {-1,2,-3,-1,2,-3,2,-3,-3,4,-3,4}
12     138    {-1,2,-3,-1,2,-3,2,4,-3,4,4,4}
12     139    {-1,2,-3,-1,2,-3,2,4,4,-3,4,-3}
12     140    {-1,2,-3,-1,2,-3,2,4,5,-3,-4,5,4}
12     141    {-1,-2,-2,-1,-1,2,3,-2,3,3,-4,3,-4,3}
12     142    {-1,-2,-2,-1,-1,2,3,-4,-2,-4,-4,3,-4,3}
12     143    {-1,-1,-1,-1,-1,-2,-2,-3,-1,-3,2,-3,-1}
12     144    {-1,-2,-2,-3,-1,-1,2,-3,-3,-3,-4,3,-4,-3}
12     145    {-1,-2,-2,-3,-1,-1,2,-3,-4,-4,-4,3,-4,-3}
12     146    {-1,2,2,-1,-1,2,2,2,2,2,2,2}
12     147    {1,2,2,-3,-3,2,2,2,2,2,1,-2,-3}
12     148    {1,1,1,2,2,-3,-3,2,2,2,1,-2,-3}
12     149    {-1,-2,-2,-1,-1,2,3,-2,3,-4,3,-4,-4,3}
12     150    {-1,2,2,-3,-1,-1,2,3,4,3,4,3,2,-3,2,-4}
12     151    {-1,-2,3,-4,-4,-5,-5,4,3,-4,-2,-5,-1,2,3}
12     152    {-1,-2,-3,-4,-4,-5,-3,-5,4,-5,-3,-2,-1,2,3}
12     153    {-1,2,2,-1,-1,2,2,2,3,4,-2,-3,4,3}
12     154    {1,2,-3,-4,-2,-4,-2,-5,-3,1,-5,-2,4,-5,-3}
12     155    {-1,2,2,-3,4,-3,4,-5,-4,3,2,1,-4,5,2,-3,2}
12     156    {-1,2,2,3,3,3,4,-3,4,-5,4,-3,2,1,4,5,2,-3,2}
12     157    {-1,-2,-2,-1,-1,2,3,-4,3,-4,-2,3,3,3}
12     158    {-1,-2,-2,-1,-1,2,3,-4,-2,-4,-4,-4,3,-4}
12     159    {-1,-2,3,-4,-2,-4,-5,-5,4,3,-2,-4,-1,-5,2}
12     160    {1,1,1,1,1,2,2,-3,-3,2,1,-2,-3}
12     161    {-1,2,2,-1,-1,2,3,-2,3,3,4,-3,4,3}
12     162    {1,-2,-2,-3,2,1,-3,-4,-2,-4,-5,-3,-5,4,-5}
12     163    {-1,-2,3,-2,3,-1,3,-4,2,-4,-5,-3,-5,4,-5}
12     164    {-1,-2,-2,-1,-1,2,3,-4,-2,-4,3,3,3,-4}
12     165    {-1,2,3,-4,-1,-4,-5,-5,4,3,-4,2,-1,-5,-3}
12     166    {-1,-2,-2,-1,-1,2,3,3,3,-4,-2,-4,3,-4}
12     167    {1,1,-2,-3,1,1,1,2,2,-3,-3,2,1}
12     168    {-1,2,-1,-2,-3,4,4,-3,-3,-3,4,-2,-2,3}
12     169    {-1,2,-1,-2,-3,-4,5,5,-4,-3,4,5,-2,-2,3}
12     170    {-1,2,3,-1,3,4,2,-3,4,-5,4,-5,4}
12     171    {-1,2,3,-1,3,4,-5,2,-3,4,-5,-5,4}
12     172    {-1,2,-3,-1,-3,2,-3,-3,-3,4,-3,4}
12     173    {-1,2,-3,-1,-3,2,-3,4,-3,4,4,4}
12     174    {-1,2,-3,-1,-3,2,-3,4,4,-3,4,-3}
12     175    {1,-2,3,-4,1,-4,-3,4,-5,4,-2,4,3,5,5}
12     176    {-1,2,-3,-1,-3,2,-3,4,5,-3,-4,5,4}
12     177    {-1,2,-3,-1,-3,2,-3,4,-3,4,-5,-4,3,-4,5}
12     178    {-1,2,3,-1,3,4,-5,2,-3,4,-5,-5,-5}
12     179    {-1,2,-3,-1,-3,4,2,-3,4,4,4,4}
12     180    {-1,2,-3,-1,-3,4,2,-3,4,5,-4,5,4}
12     181    {-1,2,3,-1,-2,3,2,-4,5,-6,3,-4,5,-6}
12     182    {-1,2,-1,2,-3,4,4,-3,-3,-3,4,-2,-2,3}
12     183    {-1,2,3,-1,3,4,-5,2,-3,4,-5,-6,5,-6}
12     184    {-1,2,-3,-1,2,2,-3,2,-3,4,-3,4}
12     185    {-1,2,-3,-1,2,2,-3,4,2,-3,4,4}
12     186    {-1,2,-1,2,-3,-3,-3,-3,-2,-2,3,-4,3,-4}
12     187    {-1,2,3,-4,-1,3,-4,-2,3,-2,-4,-5,4,-3,-5}
12     188    {-1,2,-1,2,-3,-3,-2,-2,3,-4,3,3,3,-4}
12     189    {-1,2,-1,2,-3,-3,-2,-2,3,3,3,-4,3,-4}
12     190    {-1,2,-1,2,-3,-3,-2,-2,3,-4,3,-4,-4,-4}
12     191    {-1,2,-1,2,-3,-3,-2,-2,3,-4,-4,3,-4,3}
12     192    {-1,2,-1,2,-3,-3,-2,-2,3,-4,-5,3,4,-5,-4}
12     193    {-1,2,-3,4,-1,2,-3,-3,-3,-3,-3,4}
12     194    {-1,2,3,-1,-2,3,2,-4,3,-4,-4,-5,4,-5,-4}
12     195    {-1,2,3,-1,-2,3,2,-4,-4,-4,3,-4,-4,-4}
12     196    {-1,2,-3,-4,5,-1,3,-4,2,-4,-4,5,-3}
12     197    {-1,2,-3,4,-5,6,-1,2,-3,-5,6,-4,5,-4}
12     198    {-1,2,-3,4,-1,2,4,-3,2,4,-5,4,-5,-3,-4}
12     199    {-1,2,-1,2,-3,4,-3,2,2,3,4,4,-3,4,4,3}
12     200    {-1,2,3,-1,3,-4,3,-2,-2,-2,3,-2,-4,-3}
12     201    {-1,2,3,-1,3,4,-5,-4,3,-2,3,-2,-4,-3,-5}
12     202    {-1,2,-1,2,3,3,-4,-2,3,-2,3,-2,-4,-3}
12     203    {-1,2,-3,4,-1,-3,-3,-3,4,2,-3,2}
12     204    {-1,2,-3,4,5,-1,-3,-4,5,-4,2,-3,2}
12     205    {-1,2,-1,2,2,2,3,3,3,3,2,2,-3}
12     206    {-1,2,-1,-2,-3,-3,-3,4,-3,4,-3,-2,-2,3}
12     207    {-1,2,-3,-1,2,-3,-4,-3,2,2,2,-3,2,4}
12     208    {-1,2,3,-4,-1,3,-4,-5,-4,3,-4,-2,5,3,2}
12     209    {-1,2,-3,-1,2,-3,4,-3,2,-3,2,4}
12     210    {-1,2,2,3,1,3,4,1,4,3,3,-4,-2,-2,-3,2}
12     211    {-1,2,2,-1,-1,-1,2,-3,2,2,-1,3,3}
12     212    {-1,2,-1,-2,3,3,4,-2,4,-2,3,3,-4,3}
12     213    {-1,2,-3,4,-1,-3,4,2,-3,2,4,4}
12     214    {-1,2,-3,4,-1,-3,-3,4,2,-3,2,4}
12     215    {-1,2,-1,2,3,-4,3,-4,3,-2,-2,-2,-2,-3}
12     216    {-1,2,-1,2,-3,4,2,2,2,2,-3,4}
12     217    {-1,2,-1,2,-3,-4,-2,-4,3,3,-2,3,-4,3}
12     218    {-1,2,-1,2,-3,-4,5,2,3,-2,3,2,-4,3,5}
12     219    {-1,2,-1,2,3,-4,-4,3,-4,-2,-2,-2,-2,-3}
12     220    {-1,2,-3,4,-1,-3,4,2,2,2,-3,2}
12     221    {-1,2,-3,-4,5,-1,3,-4,5,-4,2,-3,2}
12     222    {-1,2,-3,4,-1,2,-3,2,-3,4,-3,2}
12     223    {-1,2,-3,-4,-5,-1,-2,3,-4,3,-4,5,-4,3,-2,3,4}
12     224    {-1,2,-3,4,-1,2,2,-3,4,2,-3,2}
12     225    {-1,2,-1,2,-3,-4,-2,-4,3,-2,3,-4,-2,3}
12     226    {-1,2,2,1,1,2,2,2,3,-4,-2,3,-4,3}
12     227    {-1,2,-1,2,3,3,-4,3,-2,3,4,4,3,2}
12     228    {-1,2,-3,4,-1,-3,2,-3,-3,4,-3,2}
12     229    {-1,2,3,-4,-1,3,-4,-5,-4,3,-4,2,5,-3,2}
12     230    {-1,2,-3,4,-5,-1,-3,4,-5,-4,2,-3,2,-4,-4}
12     231    {-1,2,-1,2,2,2,3,4,4,3,2,2,-3,4,-3,-4}
12     232    {-1,2,2,-3,4,1,4,1,-2,3,3,-2,-4,3,3,2}
12     233    {-1,2,-3,4,-1,2,2,-3,4,-3,2,-3}
12     234    {-1,-1,-1,2,2,-1,2,-3,2,2,-1,3,3}
12     235    {-1,2,2,-3,-4,3,1,-4,-3,1,2,2,-3,2}
12     236    {-1,2,2,3,3,2,-1,2,2,2,2,2,-3}
12     237    {-1,2,2,3,1,3,1,3,4,-3,4,3,-2,-2,-3,2}
12     238    {-1,2,2,1,1,2,-3,-4,2,3,3,3,-4,3}
12     239    {-1,-2,3,4,4,5,5,4,-3,4,2,-5,-1,2,3}
12     240    {1,1,1,2,2,-3,-1,-3,2,-3,2,2,1}
12     241    {-1,2,-1,-2,-3,-3,-3,4,4,-3,4,-2,-2,3}
12     242    {-1,2,-3,4,2,-3,-1,-3,-1,-3,2,4}
12     243    {-1,2,3,-4,5,-1,5,-4,3,-4,5,2,-3}
12     244    {-1,2,2,3,4,-3,4,3,2,2,-3,-1,4,-3,-1,2}
12     245    {-1,2,3,3,-4,3,-2,3,-2,-4,-3,-1,-1,2}
12     246    {-1,2,-3,4,-1,2,4,-3,2,4,4,4}
12     247    {-1,2,-1,-2,3,-4,5,-2,-2,3,-4,5,-4}
12     248    {-1,2,-3,4,-5,-1,-2,4,-5,-3,4,-3,-2,3,4}
12     249    {-1,2,3,-4,-5,-1,-3,-3,-3,4,-5,-4,2,-3,2}
12     250    {-1,2,-3,4,-1,2,4,2,2,-3,2,4}
12     251    {-1,2,3,-4,5,-1,3,5,2,-4,5,-3,2}
12     252    {-1,2,-1,2,3,3,3,3,2,2,2,2,-3}
12     253    {-1,2,3,-1,3,3,4,-3,4,2,2,2,-3,2}
12     254    {-1,2,-1,2,3,4,-3,4,3,2,2,2,2,-3}
12     255    {-1,2,3,4,5,5,4,-5,4,3,-4,2,-1,2,-3}
12     256    {-1,2,-1,2,-3,-4,5,2,3,3,-4,2,3,-4,5}
12     257    {-1,2,-3,-4,5,-1,3,-4,5,-4,-3,2,-3}
12     258    {-1,2,-3,4,-1,2,-3,-3,-3,2,4,2}
12     259    {-1,2,3,-4,5,-1,-4,5,-4,3,-4,2,-3}
12     260    {-1,2,-3,-1,-2,3,-4,3,-2,3,-4,3,3,2}
12     261    {-1,2,-1,2,3,-4,3,-2,-4,3,3,-2,-4,-3}
12     262    {-1,2,-1,2,3,3,-4,3,-2,3,3,-2,-4,-3}
12     263    {-1,2,-3,4,-5,-1,2,3,3,3,4,-5,4}
12     264    {-1,2,-3,4,-1,2,-3,2,4,-3,2,4}
12     265    {-1,2,-3,4,-1,-3,2,-3,4,-3,2,4}
12     266    {-1,2,-3,2,2,2,1,1,1,2,-3,2,-3}
12     267    {-1,2,-1,-2,-3,-3,-4,2,-4,-4,-3,2,-3,2,4,3}
12     268    {-1,-2,3,-2,3,-2,4,-3,-1,4,-1,2,4,3}
12     269    {-1,2,-1,2,3,-4,3,3,3,2,-4,3,3,2,4,-3}
12     270    {-1,2,-1,-2,-3,4,-3,4,-5,-4,3,-4,-3,5,-2,-2,3}
12     271    {-1,2,-3,-4,-1,-1,2,-3,2,-4,2,2,-3,4}
12     272    {-1,2,-3,4,-5,-1,-3,4,-5,4,-3,-4,2,-3,4}
12     273    {-1,2,2,-3,1,-3,4,1,2,-3,2,-3,-4,-4}
12     274    {-1,2,2,2,2,-1,2,-3,2,2,-1,3,3}
12     275    {-1,2,2,-3,-4,1,-4,1,2,3,-2,3,-4,2,3,2}
12     276    {-1,-2,-2,-2,-2,-3,-1,-3,-1,-1,2,-3,-1}
12     277    {-1,2,-1,-2,-3,-3,-3,-3,-4,-2,-2,3,-4,-4}
12     278    {-1,2,2,2,2,-3,4,-1,-1,2,-3,4}
12     279    {-1,2,3,-1,-2,-2,3,4,-2,-3,4,5,-4,5,4}
12     280    {-1,2,-3,2,-3,2,4,-3,-1,-1,2,-3,-3,-4}
12     281    {-1,2,-3,-3,-4,2,-3,-1,-4,-1,2,-3,-3,4}
12     282    {-1,2,-3,4,-1,-3,4,-3,4,2,4,-3}
12     283    {-1,2,-3,4,-1,-3,-3,4,-3,4,2,-3}
12     284    {-1,2,-3,-1,2,-3,2,4,2,2,-3,4}
12     285    {-1,2,-3,4,-1,-3,4,2,-3,2,-3,-3}
12     286    {-1,2,-3,-4,5,-1,2,-3,4,2,3,3,-4,-4,5}
12     287    {-1,2,-1,2,-3,-3,-3,-4,-2,3,-2,-4,3,3}
12     288    {-1,2,-3,-1,2,-3,-4,-3,2,-3,2,-3,-3,4}
12     289    {-1,2,-1,2,3,3,4,2,2,-3,2,2,3,-4,3,-4}
12     290    {-1,2,2,3,-1,3,-1,2,-1,2,2,2,-3}
12     291    {-1,2,2,3,4,-3,1,4,3,1,-2,-2,-3,-3,-3,2}
12     292    {-1,-2,-2,3,3,-2,-2,3,4,-1,-1,2,-3,4}
12     293    {-1,2,2,3,1,3,-4,1,2,2,2,3,-2,3,4,4}
12     294    {1,2,2,-3,-3,2,2,-1,2,-3,2,2,1}
12     295    {-1,2,2,1,1,2,-3,4,2,4,3,3,3,4}
12     296    {-1,2,3,-4,5,-1,2,-3,-4,2,-3,-3,-4,-4,5}
12     297    {-1,2,2,2,-1,2,-3,2,2,3,3,2,-1}
12     298    {-1,2,-3,4,2,-3,4,-1,-1,2,2,2}
12     299    {-1,2,-3,4,-1,-1,2,-3,-3,-3,4,-3}
12     300    {-1,2,3,-4,5,-1,3,5,-2,-4,5,3,2}
12     301    {1,-2,3,4,-2,3,1,3,4,-2,-5,-3,-5,4,-5}
12     302    {-1,2,2,1,1,2,3,-4,-4,3,2,-3,-4,2}
12     303    {-1,2,-3,-4,5,-1,5,-4,-3,4,5,2,-3}
12     304    {-1,2,-3,4,-1,-3,-3,-3,4,-3,2,-3}
12     305    {-1,2,-3,4,-1,4,-3,4,2,4,4,-3}
12     306    {-1,2,-3,4,5,-1,-3,-4,5,-4,-3,2,-3}
12     307    {-1,2,-1,-2,3,-4,5,3,-4,-2,5,-2,3}
12     308    {-1,2,-3,-4,-1,3,-4,2,-5,-3,2,4,-3,4,5}
12     309    {-1,2,-3,-4,5,-1,2,-3,-4,2,-4,3,3,4,5}
12     310    {-1,2,-3,4,-1,2,4,-3,2,-3,-3,4}
12     311    {-1,2,-1,2,3,4,4,3,2,2,2,2,-3,4,-3,-4}
12     312    {-1,2,-3,4,5,-2,-2,-3,4,1,2,-3,4,-5,-4,-4,-3,-2,-2}
12     313    {-1,2,2,3,-4,1,-4,1,3,2,2,-3,4,-3,2,-4}
12     314    {1,-2,3,4,1,-2,4,5,3,5,3,4,-3,4,-5}
12     315    {-1,2,3,-4,-1,3,-2,3,3,4,4,4,3,2}
12     316    {-1,2,-3,4,-1,2,4,-3,2,-3,4,-3}
12     317    {-1,2,3,3,4,2,-3,-1,-1,2,2,3,-4,3,-4,2}
12     318    {-1,2,-3,4,-1,4,-3,2,-3,-3,4,-3}
12     319    {-1,2,2,3,1,3,1,2,-3,4,2,2,2,-3,4,3}
12     320    {-1,-2,3,4,5,3,2,2,3,4,1,-2,-3,4,3,-5,-4,3,3,2,2}
12     321    {-1,2,-3,2,2,1,1,1,2,2,2,-3,2}
12     322    {-1,2,-1,-2,-3,-3,-4,-4,-4,-3,2,-3,-3,2,4,3}
12     323    {-1,2,3,-1,-1,-2,3,3,4,-2,4,-2,-3,4}
12     324    {-1,2,2,-3,-4,2,2,3,-1,-4,-1,2,3,3}
12     325    {-1,2,3,3,-4,2,3,-1,-4,-1,2,2,-3,2}
12     326    {-1,2,2,-3,-4,2,1,-4,3,3,4,5,2,-3,-4,2,5}
12     327    {-1,2,2,3,-4,3,1,-4,1,2,-3,-3,2,4,-3,2}
12     328    {-1,2,-3,4,-1,2,4,2,-3,4,2,-3}
12     329    {-1,2,3,-1,3,-4,3,-2,3,2,4,4,4,4}
12     330    {-1,2,-1,-2,-3,4,5,-3,-4,5,-4,-3,-2,-2,3}
12     331    {-1,2,-3,-4,-1,-2,-4,3,-2,-4,-4,-4,3,3}
12     332    {-1,2,-1,-2,-3,4,-5,-3,-2,-2,3,4,-3,4,-5}
12     333    {-1,2,-3,4,-1,2,4,-3,2,4,-3,-3}
12     334    {-1,2,-3,-4,-1,-2,3,3,-4,3,-2,-4,3,3}
12     335    {-1,-2,-2,3,4,-2,-2,-3,-1,4,-1,2,3,3}
12     336    {-1,2,2,3,-4,3,1,3,1,2,2,3,-4,-3,-3,2}
12     337    {-1,2,-3,-4,-1,3,-4,-2,5,-2,3,-4,-2,3,5}
12     338    {1,-2,-3,4,1,4,5,3,5,3,-4,-2,3,-4,-5}
12     339    {-1,-2,-2,-3,4,2,1,2,-3,4,-5,-4,-4,-3,-2,-2,-3,4,5}
12     340    {-1,2,-3,4,-1,2,4,-3,2,4,5,-3,-4,3,5}
12     341    {-1,2,-3,-1,-3,2,-3,4,2,2,-3,4}
12     342    {-1,2,-3,4,-1,2,-3,2,2,-3,-3,4}
12     343    {-1,2,3,-4,-1,-2,-4,3,-2,-4,5,3,-4,-3,5}
12     344    {-1,2,-1,-2,-3,-3,-4,-2,-4,-2,-4,3,-4,-4}
12     345    {-1,2,-1,-2,-3,-3,-4,-5,4,-2,-5,-2,3,-4,-4}
12     346    {-1,2,-3,2,1,1,1,2,-3,2,-3,-3,-3}
12     347    {-1,2,3,-1,-2,3,-4,3,-2,3,-2,4,4,4}
12     348    {-1,2,-3,4,-1,-3,-2,3,-4,3,2,-5,4,-5,4}
12     349    {-1,2,-3,-4,-1,-2,-4,3,-2,-4,3,-4,-4,3}
12     350    {-1,2,2,-3,2,2,3,1,3,-4,1,2,-3,2,3,-4}
12     351    {-1,2,-3,-4,-1,-2,-4,3,-2,3,3,-4,3,3}
12     352    {-1,2,-3,-4,-1,-2,-4,3,-2,3,-4,3,-4,3}
12     353    {-1,2,2,-3,1,-3,4,1,-2,4,-2,3,3,-4,3,2}
12     354    {-1,-2,3,-2,-2,1,1,2,3,4,4,4,3,-2,3,-4}
12     355    {-1,2,-3,-1,-3,-3,-4,-2,-4,3,-2,-4,-4,-4}
12     356    {-1,2,-1,-2,3,-4,-5,-2,-2,-3,-3,-3,4,-5,-4}
12     357    {-1,2,-3,4,-5,-1,2,3,-5,3,3,4,-5}
12     358    {-1,2,-3,4,-1,-3,-1,2,-3,4,-3,4}
12     359    {-1,2,-3,4,-1,-1,2,-3,2,4,-3,4}
12     360    {-1,2,-1,-2,-3,2,-3,2,-3,-4,5,2,3,-4,5}
12     361    {-1,2,-3,4,-1,2,-3,4,-3,2,-3,4}
12     362    {-1,2,-3,-4,-1,-2,-2,3,-4,-2,3,-2,-4,3}
12     363    {-1,2,-3,-4,-1,-2,-4,-2,-2,3,-2,-4,3,3}
12     364    {-1,2,-3,-4,-1,-2,3,-2,3,-4,3,-2,-4,3}
12     365    {-1,2,2,3,-1,3,-1,-1,-1,2,-1,2,-3}
12     366    {-1,2,2,-3,-4,3,1,-4,-3,1,2,-3,2,-3}
12     367    {-1,-1,-1,-2,-2,-2,-2,-3,-1,-3,2,-3,-1}
12     368    {-1,-2,-2,-2,-2,-3,-1,-1,2,-3,-4,3,-4,-3}
12     369    {-1,2,2,2,2,-1,-1,2,2,2,2,2}
12     370    {1,2,2,2,2,-3,-3,2,2,2,1,-2,-3}
12     371    {1,2,-3,-3,2,2,2,2,2,-3,2,1,-2}
12     372    {-1,2,3,-2,3,2,4,-1,-1,2,2,2,3,-2,3,-4}
12     373    {-1,-2,-2,-2,-2,-1,-1,2,3,-4,-2,-4,3,-4}
12     374    {-1,2,-3,4,-1,-1,2,2,2,-3,4,-3}
12     375    {1,1,1,2,2,2,2,-3,-3,2,1,-2,-3}
12     376    {-1,2,3,4,-3,4,3,-2,3,-1,3,-1,3,2}
12     377    {-1,2,-3,4,-1,-1,2,-3,4,-3,4,4}
12     378    {-1,2,-3,-4,5,-1,3,5,2,-4,5,-3,2}
12     379    {-1,2,-1,-2,-3,4,4,-3,4,-2,-2,-2,-2,3}
12     380    {-1,2,-1,-2,3,-2,-3,-4,5,5,-4,-3,-2,4,5}
12     381    {-1,2,3,-1,3,3,3,4,-5,2,-3,4,-5}
12     382    {-1,2,-3,4,-1,-3,4,-3,2,-3,-3,-3}
12     383    {-1,2,-3,4,-1,4,-3,4,2,-3,-3,-3}
12     384    {-1,2,-3,-4,5,-1,-4,5,-4,3,-4,2,-3}
12     385    {-1,2,-3,-4,5,-1,5,-4,3,-4,5,2,-3}
12     386    {-1,2,-1,2,-3,-3,-4,-2,-2,3,-2,-4,-2,3}
12     387    {-1,2,-1,2,-3,-3,-4,-2,3,3,-2,3,-4,3}
12     388    {-1,2,-3,4,-1,-3,4,2,2,-3,2,-3}
12     389    {-1,2,-3,-4,-1,-2,-2,3,-4,3,-2,3,-4,3}
12     390    {-1,2,-3,2,2,1,1,1,2,-3,2,-3,-3}
12     391    {-1,2,2,3,1,3,1,3,3,2,-3,4,2,-3,4,3}
12     392    {-1,2,-3,4,-3,-2,-2,1,-2,-2,-3,-3,-4,-3,-5,-4,2,3,-4,-3,5}
12     393    {-1,-2,3,2,2,1,1,-2,3,-4,3,2,2,2,3,-4}
12     394    {1,2,-3,-3,2,2,-1,2,2,2,-3,2,1}
12     395    {-1,2,3,3,2,-1,-1,-2,3,4,-3,4,2,2,2,-3}
12     396    {-1,-2,3,-4,-2,-1,-1,2,3,3,3,-2,3,-4}
12     397    {-1,2,-3,4,-5,-2,-5,-2,-3,4,-2,-5,-1,2,-3}
12     398    {-1,2,-3,4,-1,-3,-1,-3,2,-3,4,-3}
12     399    {-1,2,3,4,4,3,-2,3,-4,3,-1,3,-1,2}
12     400    {-1,2,2,-3,4,5,2,-3,-4,1,2,-3,5,4,-3,5,2}
12     401    {-1,-2,3,-2,1,-2,3,-2,4,-5,4,3,-4,-5,-5}
12     402    {-1,2,-3,4,-1,-3,-1,2,-3,2,4,-3}
12     403    {-1,2,-3,-4,5,-1,-3,-4,2,3,3,4,4,5,-3}
12     404    {-1,2,-1,-2,-3,2,2,-3,-4,5,2,2,3,-4,5}
12     405    {-1,2,-1,-2,3,-4,5,2,-3,-3,2,-3,-3,-4,5}
12     406    {-1,2,-3,4,-1,2,4,5,5,4,-3,4,-5}
12     407    {-1,2,-3,-4,-1,2,-3,-4,-3,-5,4,2,-5,-3,4}
12     408    {-1,-2,3,-4,3,2,2,1,1,-2,3,2,-4,2,2,3}
12     409    {-1,2,-3,2,2,2,2,1,1,1,2,-3,2}
12     410    {-1,2,-1,-2,-2,-2,-3,4,3,3,-2,-2,-3,4,-3,-3}
12     411    {1,2,-3,-3,2,2,2,2,-1,2,-3,2,1}
12     412    {-1,2,-1,-2,-2,-2,-3,4,4,-3,-2,-2,3,-4,3,4}
12     413    {-1,2,-3,-1,-1,2,-3,4,-3,2,-3,4}
12     414    {-1,-2,3,4,5,-2,-3,4,1,2,-3,-2,4,-5,-4,-3,-3,-2,-1}
12     415    {-1,2,-3,4,-1,4,-3,2,-3,4,-3,4}
12     416    {-1,2,-3,4,-1,4,-3,4,2,-3,4,4}
12     417    {-1,2,-1,2,-3,-3,-4,-2,3,-2,3,-2,-4,3}
12     418    {-1,2,-3,-1,2,-3,4,-3,-3,2,-3,4}
12     419    {-1,2,-3,4,-1,2,4,-3,2,4,-3,4}
12     420    {-1,2,-1,-2,-3,-3,-4,-2,-2,3,-4,-4,-4,-4}
12     421    {-1,2,-1,-2,-3,-3,-4,-2,-2,3,-4,-5,4,-5,-4}
12     422    {-1,2,-1,-2,3,3,-2,-2,3,3,3,3,3}
12     423    {-1,2,-1,-2,3,3,-2,-2,3,3,3,4,-3,4}
12     424    {-1,2,-1,-2,3,3,-2,-2,3,4,-3,4,4,4}
12     425    {-1,2,-1,-2,3,3,-2,-2,3,4,5,-3,-4,5,4}
12     426    {-1,2,3,3,2,-1,-1,2,-3,-4,2,-4,3,-4}
12     427    {-1,2,-3,-1,-3,4,2,-3,2,4,2,-3}
12     428    {-1,2,2,3,-1,3,-1,-1,2,-1,2,2,-3}
12     429    {-1,2,2,-3,-4,3,1,-4,1,2,-3,2,2,-3}
12     430    {1,1,1,2,2,-3,-3,2,-1,2,-3,2,2}
12     431    {-1,2,2,3,1,1,2,2,3,-4,3,-2,3,3,4,4}
12     432    {-1,2,2,3,1,3,1,-2,3,4,2,2,2,-3,4,3}
12     433    {-1,2,-3,4,-5,-1,2,-3,-5,-4,-4,-4,-5}
12     434    {-1,2,3,-4,-1,2,-4,-3,2,3,3,3,-4,3}
12     435    {-1,2,-3,4,-1,4,-1,-2,-2,-2,3,3,3,4}
12     436    {-1,2,-3,4,-1,4,-1,2,-3,4,4,4}
12     437    {-1,2,-1,-2,3,-4,5,-2,5,-2,3,-4,5}
12     438    {-1,2,-1,2,-3,2,-3,-2,3,-2,3,-4,3,-4}
12     439    {-1,2,-3,4,-1,-3,4,2,-3,2,4,-3}
12     440    {-1,2,2,3,-1,3,2,-1,2,2,2,2,-3}
12     441    {-1,2,2,-3,1,-3,1,-2,-2,3,3,3,4,-3,2,4}
12     442    {-1,2,-3,-4,-1,-1,-2,-2,-2,-2,-2,3,-4,-3}
12     443    {1,2,-3,4,5,2,5,1,-2,3,3,3,4,-5,4}
12     444    {-1,2,-3,4,-5,-1,3,-5,-2,-4,3,-2,-4,-4,-5}
12     445    {-1,2,-3,4,-1,4,-1,2,2,2,-3,4}
12     446    {-1,2,-3,4,-1,-3,-1,-3,4,2,-3,4}
12     447    {1,-2,-3,4,-5,1,2,-3,-2,-5,1,4,-5}
12     448    {-1,2,3,4,-1,4,5,-6,3,2,-3,-4,5,3,-4,-6}
12     449    {-1,-2,-2,-3,4,2,1,2,-3,2,4,-5,4,-3,2,4,5}
12     450    {-1,2,-3,-4,-5,-1,2,4,-5,-3,4,-3,2,-3,-4}
12     451    {-1,2,-3,4,-1,2,4,2,-3,2,-3,4}
12     452    {-1,2,3,-4,-1,3,-1,2,-3,2,-4,2,3,-4}
12     453    {-1,2,-3,4,-1,2,-3,-3,-3,4,4,4}
12     454    {-1,2,-3,-4,5,-1,3,5,2,5,-4,5,-3}
12     455    {-1,2,-3,-1,-3,4,-3,2,-3,2,4,-3}
12     456    {-1,2,-3,4,-1,2,-3,4,4,-3,-3,4}
12     457    {-1,2,-3,4,-1,-3,2,-3,4,-3,2,-3}
12     458    {-1,2,-3,4,-1,2,-3,2,4,-3,2,-3}
12     459    {-1,2,-3,-4,-1,2,3,-4,-3,-5,2,-3,4,-5,-4}
12     460    {1,2,3,-4,5,3,4,-2,1,-2,-3,4,-3,-5,-4,3,-4}
12     461    {-1,2,2,-3,-4,2,2,3,1,-4,3,1,2,-3,2,3}
12     462    {-1,2,-3,4,-1,2,2,2,-3,-3,-3,4}
12     463    {-1,2,3,-4,5,-1,-2,3,-4,2,-4,-4,5}
12     464    {-1,2,-3,-4,-1,-2,3,3,-2,3,-4,3,-2,3}
12     465    {-1,2,-3,4,-1,2,-3,-3,2,2,-3,4}
12     466    {-1,2,-3,-4,-1,-2,-2,3,-4,-2,-2,3,-2,3}
12     467    {-1,2,-3,-4,-1,-2,3,-2,3,-2,-4,3,-2,3}
12     468    {-1,-2,3,3,-2,3,-1,3,-1,3,4,2,-3,4}
12     469    {-1,-2,3,3,-2,3,-4,3,-1,-1,-2,3,2,-4}
12     470    {-1,2,-3,-4,-1,2,-4,2,2,3,-2,-4,-3,-3}
12     471    {-1,2,3,-4,-5,6,-1,3,-5,6,2,-4,5,-3}
12     472    {-1,2,-3,-4,-1,-4,-3,2,-3,4,-5,-3,4,-5,-4}
12     473    {-1,2,-3,-4,-1,-2,3,-2,3,-4,3,-2,3,3}
12     474    {-1,2,-3,-4,-1,-2,-2,3,-4,-2,3,-2,3,3}
12     475    {-1,-2,3,-2,-2,3,-2,3,4,-1,-1,2,-3,4}
12     476    {-1,2,-3,-1,-3,4,-3,-3,2,-3,4,-3}
12     477    {-1,2,-3,4,-5,6,-1,2,-3,4,-5,6}
12     478    {-1,2,-3,-1,-3,4,-3,-3,4,2,-3,4}
12     479    {-1,2,3,-1,3,-4,-2,3,-2,3,3,-2,-4,-3}
12     480    {-1,-2,3,-2,3,-2,-4,-1,-1,2,3,-2,3,-4}
12     481    {-1,2,-3,4,5,-1,2,-3,-3,-3,-4,5,4}
12     482    {-1,2,-3,4,5,6,-1,2,-3,-5,6,-4,5,-4}
12     483    {-1,2,-3,-4,-1,-2,3,-2,-4,3,-2,-4,3,3}
12     484    {-1,-2,3,-2,3,-2,4,-3,-1,4,-1,2,3,3}
12     485    {-1,2,-3,4,-1,-3,4,-3,2,-3,4,-3}
12     486    {-1,2,-3,4,-1,-3,4,-3,4,2,-3,4}
12     487    {-1,2,3,-1,3,-4,-2,-2,3,-2,3,-2,-4,-3}
12     488    {-1,2,3,-1,3,-4,3,-2,3,3,3,-2,-4,-3}
12     489    {-1,2,3,-4,5,-1,2,-3,-4,2,-3,-3,-3,-4,5}
12     490    {-1,2,2,3,-4,3,1,1,-2,3,2,4,2,4,2,3}
12     491    {-1,2,-3,4,-1,-3,4,-2,-5,4,4,3,2,-4,-5}
12     492    {1,-2,3,4,5,-2,-3,4,1,2,-3,-2,4,-5,4,-3,-2}
12     493    {-1,2,3,-1,3,-4,3,3,3,-2,3,-2,-4,-3}
12     494    {-1,2,-3,4,5,-2,-2,-3,4,1,2,-3,4,-5,4,-3,2}
12     495    {-1,2,-3,2,2,1,1,1,2,2,-3,2,-3}
12     496    {-1,2,-1,2,-3,2,2,3,-1,3,2,-1,2}
12     497    {-1,2,-3,4,2,-3,4,-3,2,-1,-1,2}
12     498    {-1,2,-1,2,-3,2,-3,4,4,-3,2,4}
12     499    {-1,2,-3,4,4,-3,2,-3,4,-1,-1,2}
12     500    {-1,2,-1,2,2,-3,4,-3,4,2,-3,2}
12     501    {-1,2,-3,4,-1,-3,4,2,4,4,-3,2}
12     502    {-1,2,2,3,3,2,2,2,2,2,-1,2,-3}
12     503    {-1,2,-1,2,2,-3,2,-3,-4,-3,2,-3,2,4}
12     504    {-1,2,2,3,1,1,2,3,-4,3,-2,-4,3,2,-3,2}
12     505    {-1,2,-3,-1,2,-3,-4,-3,2,-4,3,-4,-3,2}
12     506    {-1,2,-1,2,-3,2,-3,4,-3,4,-3,2}
12     507    {-1,2,2,3,3,2,2,2,-1,2,2,2,-3}
12     508    {-1,2,2,1,1,2,2,2,-3,-4,2,3,-4,3}
12     509    {-1,-1,2,2,-3,-1,2,2,3,3,2,-1,2}
12     510    {-1,2,2,1,1,2,-3,2,-3,-4,-4,-3,-3,4}
12     511    {-1,2,-1,2,-3,2,2,3,3,2,2,2,-1}
12     512    {-1,2,-3,-1,-3,-3,4,4,-3,4,2,-3}
12     513    {-1,2,2,1,1,2,-3,2,3,-4,3,-2,4,-3,4,-3}
12     514    {-1,2,2,1,1,2,-3,2,3,-4,3,-4,-4,3}
12     515    {-1,2,-3,-4,-2,3,-4,3,-2,3,-1,3,-1,2}
12     516    {-1,2,-3,-4,2,-3,-4,-3,2,-3,-1,4,-1,2}
12     517    {-1,2,-1,2,2,-3,4,2,4,-3,2,4}
12     518    {-1,2,-3,4,5,-1,-3,-4,5,4,2,-3,2}
12     519    {-1,2,2,2,2,3,3,2,2,2,-1,2,-3}
12     520    {-1,2,3,-2,3,3,-4,3,-4,3,2,1,1,2}
12     521    {-1,2,-3,-1,-3,-3,4,-3,4,-3,2,-3}
12     522    {-1,2,2,1,1,2,-3,2,3,3,-4,3,-4,3}
12     523    {-1,2,-1,-1,2,-3,2,2,3,-1,3,2,-1}
12     524    {-1,2,-3,4,-5,-1,3,4,-5,-4,3,-4,2,-4,-3}
12     525    {-1,2,3,-4,-1,3,-4,-5,-4,3,-4,-2,5,3,-2}
12     526    {-1,2,-1,-1,2,-3,2,2,3,3,2,-1,2}
12     527    {-1,2,2,3,3,2,2,-1,2,-1,2,2,-3}
12     528    {-1,2,-3,4,2,4,-3,2,4,-1,-1,2}
12     529    {-1,2,-3,4,-1,-3,4,-5,-4,3,-4,2,5,-3,2}
12     530    {-1,2,3,-4,5,-1,-4,5,3,4,2,-5,-3,2,-4}
12     531    {-1,-1,-1,2,2,3,3,2,-1,2,2,2,-3}
12     532    {-1,2,2,1,1,2,-3,-4,2,-4,-4,3,-4,3}
12     533    {-1,2,-1,2,-3,2,2,2,2,3,3,2,-1}
12     534    {-1,2,-1,-2,3,-2,-3,-3,-3,4,4,-3,-2,4}
12     535    {-1,2,-3,4,2,4,-1,4,-1,-3,2,4}
12     536    {-1,2,-3,4,-1,2,4,4,4,-3,2,4}
12     537    {-1,2,-3,4,5,-1,2,5,4,-3,2,4,-5}
12     538    {-1,2,-1,2,3,3,2,2,2,2,2,2,-3}
12     539    {-1,2,2,2,3,-4,-2,3,-4,3,2,1,1,2}
12     540    {-1,2,3,-4,-2,3,-4,3,2,1,1,2,2,2}
12     541    {-1,2,-3,4,-1,2,-3,2,4,2,4,4}
12     542    {-1,2,-1,2,3,-2,3,4,-3,4,-5,4,-3,4,3,5,2}
12     543    {-1,2,3,-4,5,-1,3,3,-4,5,4,2,-3,2,-4}
12     544    {-1,2,-1,-1,-1,2,-3,2,2,3,3,2,-1}
12     545    {-1,2,-1,-2,3,3,4,4,3,3,-4,-2,-2,3}
12     546    {-1,2,-3,-4,5,-1,-4,5,3,-4,-2,3,-2,-4,3}
12     547    {-1,2,3,3,2,1,1,-2,3,-4,3,-4,2,2,2,-3}
12     548    {-1,2,2,1,1,2,-3,-4,2,2,2,3,-4,-3}
12     549    {-1,-2,3,4,4,5,5,4,-3,4,-2,-5,-1,2,3}
12     550    {-1,2,3,-4,5,-1,-2,5,-4,3,-2,-4,5}
12     551    {-1,2,3,-4,5,3,5,4,-5,4,3,2,-1,2,-3}
12     552    {-1,2,3,-4,5,-1,-2,-4,5,-4,3,-2,-4}
12     553    {-1,2,2,-1,2,-3,2,2,-1,3,3,2,2}
12     554    {-1,-2,-3,4,5,-3,5,2,4,1,-5,-2,-3,4,-3,2,-3,4,-3}
12     555    {-1,2,-3,4,-1,2,4,5,3,5,-4,3,-4,-4,-5}
12     556    {-1,2,2,1,1,2,3,-2,3,4,-3,2,2,2,-3,-4}
12     557    {-1,2,2,3,-2,1,2,2,3,3,-4,5,4,-2,-3,4,3,-5,-4}
12     558    {-1,2,-1,2,3,3,3,2,-1,2,2,2,-3}
12     559    {-1,2,3,-4,-1,-2,3,-4,-4,-3,-3,2,3,-4,3,-2}
12     560    {-1,2,-3,4,-5,-1,-3,4,-5,-4,3,4,2,-3,4}
12     561    {-1,2,-3,-1,-3,-1,2,-3,4,-3,2,-3,-3,-4}
12     562    {-1,2,3,4,-5,-1,-2,3,-2,-5,-3,4,-5,3,-2}
12     563    {-1,2,2,2,2,1,1,2,-3,2,-3,4,3,-2,3,-4}
12     564    {-1,2,-1,-2,3,-2,-3,4,-3,4,-5,-4,3,-4,-3,5,-2}
12     565    {-1,2,-3,-1,-3,-3,-4,2,-4,-3,2,3,-4,-3}
12     566    {-1,2,3,-4,-5,-1,-4,-5,3,-4,-2,5,3,-2,-4}
12     567    {-1,2,-1,2,-1,3,-1,3,3,2,-1,2,-3}
12     568    {-1,2,2,1,1,2,3,-2,3,3,3,4,-3,2,-3,-4}
12     569    {-1,2,-3,-4,-1,-2,-4,-4,-4,3,-2,-4,3,3}
12     570    {-1,2,-3,-4,-5,-1,2,4,-5,-3,-4,-3,2,-3,4}
12     571    {1,1,1,2,-3,2,-3,-1,2,-3,2,2,-3}
12     572    {-1,2,2,3,-1,3,-1,2,2,2,-1,2,-3}
12     573    {-1,-1,-1,2,2,3,-1,3,-1,2,-1,2,-3}
12     574    {-1,-2,-2,-2,-2,-2,-2,-3,-1,-3,2,-3,-1}
12     575    {-1,2,-3,-1,-1,-2,-2,-2,-3,-3,-4,3,-4,-3}
12     576    {-1,2,2,2,2,2,2,-1,-1,2,2,2}
12     577    {1,2,-3,-3,2,2,2,-3,2,2,2,1,-2}
12     578    {1,1,1,2,-3,-3,2,2,2,-3,2,1,-2}
12     579    {-1,2,-3,4,-1,4,-1,2,4,-3,4,-3}
12     580    {-1,2,-1,-2,3,3,-2,-2,-2,-2,-2,-2,3}
12     581    {-1,2,2,2,3,-4,-4,3,2,-3,-4,1,1,2}
12     582    {-1,2,3,-4,-4,3,2,-3,-4,1,1,2,2,2}
12     583    {-1,2,-3,4,-1,-3,4,4,4,-3,2,-3}
12     584    {-1,2,-3,4,-1,4,4,4,-3,4,2,-3}
12     585    {-1,2,-3,4,5,-1,5,4,-3,4,-5,2,-3}
12     586    {-1,2,2,3,1,3,1,2,2,2,-3,4,2,-3,4,3}
12     587    {-1,2,2,3,3,3,2,-1,2,2,2,-3,2}
12     588    {-1,2,3,-1,3,-1,3,2,2,-1,2,-3,2}
12     589    {1,2,-3,-3,2,2,-1,2,-3,2,2,2,1}
12     590    {-1,2,2,2,-1,2,3,3,3,3,2,2,-3}
12     591    {-1,2,-1,-2,-3,4,-3,-3,-3,4,-3,-2,-2,3}
12     592    {-1,2,2,3,3,2,2,-3,-4,1,1,-2,3,2,-4,2}
12     593    {-1,2,2,-3,1,-3,1,2,-3,-4,2,3,-4,-3}
12     594    {-1,2,3,4,-2,-3,4,3,2,-1,-1,2,2,2}
12     595    {-1,2,3,-4,5,-1,3,5,-2,-4,5,3,-2}
12     596    {1,2,3,-4,-5,3,-5,4,-5,4,3,2,1,-2,-3}
12     597    {-1,2,-3,4,5,-1,-3,-4,5,4,-3,2,-3}
12     598    {1,1,1,2,-3,2,-1,2,2,-3,-3,-3,2}
12     599    {1,1,1,2,-3,-3,2,2,-1,2,-3,2,1}
12     600    {-1,2,2,2,2,1,1,2,-3,-4,2,3,-4,3}
12     601    {-1,-2,3,4,5,5,4,-5,4,3,-4,2,-1,2,3}
12     602    {-1,2,-1,-1,-1,2,3,3,3,2,-1,2,-3}
12     603    {-1,2,3,-4,-1,-2,3,-2,3,4,4,4,3,-2}
12     604    {-1,2,3,-4,5,-1,-3,5,2,4,-3,2,4,5,-3}
12     605    {-1,-1,2,-3,-1,2,2,3,-1,3,-1,2,-1}
12     606    {-1,2,2,-3,1,-3,1,2,-3,-4,3,-4,2,-3}
12     607    {-1,2,3,3,2,2,-1,2,2,2,-3,2,-1}
12     608    {-1,2,-3,-3,2,1,1,2,2,-3,4,2,3,-2,3,-4}
12     609    {-1,2,3,3,-4,2,1,1,-2,3,2,-4,2,-4,2,-3}
12     610    {-1,2,3,4,-3,4,3,-5,-4,3,3,2,2,1,2,-3,2,4,-3,5,2}
12     611    {-1,-2,3,4,4,3,-2,3,-4,3,1,1,2,2,-3,2}
12     612    {-1,2,3,-4,-1,3,-2,3,3,4,4,4,3,-2}
12     613    {-1,2,3,-4,-4,3,-2,3,-4,3,1,3,1,2}
12     614    {-1,2,-3,4,-1,2,4,5,3,5,3,-4,3,-4,-5}
12     615    {-1,2,2,3,1,3,1,2,2,-3,4,2,4,3,3,-4}
12     616    {1,1,1,2,2,-3,2,-1,2,-3,2,2,-3}
12     617    {-1,2,2,3,-1,3,-1,2,2,-1,2,-3,-1}
12     618    {1,1,1,2,-3,2,2,-3,-1,2,-3,2,2}
12     619    {-1,-2,-3,4,-3,2,1,3,-4,2,-5,2,3,4,-2,4,5,5,4}
12     620    {-1,2,-1,2,3,3,3,2,-1,2,-3,2,2}
12     621    {-1,2,-3,4,-1,-2,3,3,3,-2,-2,3,3,4}
12     622    {-1,-2,3,-4,5,2,2,3,4,-1,2,-3,4,-5,-4,-4,3}
12     623    {-1,2,2,1,1,2,-3,2,-3,4,4,4,3,-2,3,-4}
12     624    {-1,2,3,4,2,-3,4,3,2,-3,-1,-1,2,2,-3,2}
12     625    {-1,2,-3,-4,5,-1,3,5,-2,-4,3,-2,-4,5,3}
12     626    {1,1,1,2,-3,2,-1,2,-3,-3,2,-3,2}
12     627    {-1,2,-3,4,-1,2,-3,2,4,2,-3,-3}
12     628    {-1,2,2,1,1,2,3,-4,3,-2,3,-4,3,-4}
12     629    {-1,-2,3,-4,3,2,2,3,-4,-1,-1,2,3,-4}
12     630    {-1,2,-3,4,-1,-2,4,3,3,-2,3,-2,3,4}
12     631    {-1,2,2,-3,4,-3,1,1,2,-3,2,-4,-4,-3}
12     632    {-1,2,2,1,1,2,-3,4,3,-2,-3,2,-3,-3,4,-3}
12     633    {-1,2,2,1,1,2,-3,4,-3,2,-3,-2,3,4,-3,4}
12     634    {-1,2,3,4,-2,3,4,3,2,-3,-1,-4,-1,2,2,2}
12     635    {-1,2,3,4,-5,-1,-3,-5,2,4,-5,-3,2,3,3}
12     636    {-1,-2,3,2,2,3,1,4,-3,-2,4,5,4,-3,4,3,-5,-2,-2}
12     637    {-1,2,3,-4,-1,-4,3,-2,3,-4,3,2,2,3}
12     638    {-1,2,2,-3,2,2,3,1,3,1,-2,3,4,-3,-2,4}
12     639    {1,-2,-3,1,-3,1,2,-3,-3,-3,-2,1,-2}
12     640    {-1,2,-1,-2,-3,4,-3,4,-3,4,-2,4,-2,3}
12     641    {-1,2,-1,-2,3,3,3,3,-2,-2,3,3,3}
12     642    {-1,2,-1,-2,3,4,-3,4,3,-2,-2,3,3,3}
12     643    {-1,2,-1,-2,3,3,3,3,-2,-2,3,4,-3,4}
12     644    {-1,2,-1,-2,3,4,5,-4,5,4,-3,4,-2,-2,3}
12     645    {-1,-1,2,3,-1,3,3,2,-1,2,-3,2,2}
12     646    {-1,-1,-1,2,2,3,-1,3,2,-1,2,2,-3}
12     647    {-1,-1,-2,-2,-2,-3,-1,-1,-1,2,-1,-3,-3}
12     648    {-1,2,-3,-1,-3,-3,-4,-2,-4,-2,-2,3,-2,-4}
12     649    {-1,2,-3,4,-1,4,-1,2,4,4,-3,4}
12     650    {1,2,-3,4,-5,-1,2,-3,2,-5,1,4,-5}
12     651    {-1,2,-3,4,-1,2,-3,4,4,4,4,4}
12     652    {-1,2,-3,4,-1,2,-3,4,4,5,-4,5,4}
12     653    {-1,-2,3,4,5,-3,4,3,2,2,1,2,2,3,3,4,-5,-4,3,-2,3}
12     654    {-1,2,2,1,1,2,3,-4,3,3,-2,3,-4,3}
12     655    {-1,2,-1,-2,3,4,4,3,-2,-2,3,3,-4,3}
12     656    {-1,2,-3,-3,4,2,-3,1,1,2,2,3,-4,3,-4,2}
12     657    {-1,-1,2,2,-3,-1,2,2,3,-1,3,2,-1}
12     658    {-1,2,2,-3,1,1,2,-3,-4,3,2,-4,2,-3}
12     659    {-1,2,2,3,1,1,2,2,3,-4,3,-2,3,4,4,3}
12     660    {-1,2,2,3,3,3,2,-1,2,-3,2,2,2}
12     661    {-1,2,-1,-2,3,-4,-2,-2,3,4,-3,-2,-2,3,-4,-4}
12     662    {-1,2,-3,4,-1,-2,4,3,-2,3,-2,-2,3,4}
12     663    {-1,2,-3,-4,5,-1,3,5,-2,-4,5,3,-2,3,3}
12     664    {-1,2,-3,4,-1,-2,4,3,3,3,-2,3,3,4}
12     665    {-1,-2,-3,4,-3,-4,2,-5,3,1,-5,2,4,-5,-3,-4,2,-4,3}
12     666    {-1,2,3,-1,3,3,2,-3,2,-4,-5,3,4,-5,4}
12     667    {-1,2,2,3,-1,3,-1,-1,2,2,2,-3,-1}
12     668    {-1,2,2,3,-1,3,2,2,-1,-1,2,-3,-1}
12     669    {-1,2,-1,-2,-3,4,4,-3,4,-2,4,-2,4,3}
12     670    {-1,-1,2,-3,-1,2,2,3,-1,3,2,-1,2}
12     671    {-1,2,2,3,-1,3,2,2,2,-1,2,2,-3}
12     672    {-1,2,2,3,-1,3,2,2,-1,2,-1,2,-3}
12     673    {-1,2,-3,4,-1,2,4,-3,4,-3,4,4}
12     674    {-1,2,-3,4,-1,-3,-3,4,2,4,-3,4}
12     675    {1,-2,-3,-3,2,-3,1,-3,-3,-2,1,-2,-2}
12     676    {-1,2,-1,-2,-3,4,-3,-3,4,-3,-2,-2,3,4}
12     677    {-1,2,2,1,1,2,-3,4,-3,2,-3,-2,3,-4,3,4}
12     678    {-1,2,2,-3,1,1,2,-3,-4,2,2,3,-4,-3}
12     679    {-1,-2,-3,4,-5,-3,-5,-2,-4,-1,-4,2,-4,-5,3}
12     680    {-1,-1,2,2,-3,-1,2,-1,2,3,3,3,3}
12     681    {-1,2,-3,4,-1,2,2,2,-3,4,4,4}
12     682    {-1,2,3,-4,5,-1,-2,3,2,5,5,-4,5}
12     683    {-1,2,-3,4,-1,2,4,4,-3,4,4,4}
12     684    {-1,2,3,-4,5,-1,-2,-2,-2,3,-4,-2,5}
12     685    {-1,2,2,1,1,2,3,-2,3,4,4,-3,2,2,-3,-4}
12     686    {-1,2,2,3,-4,3,2,2,1,1,2,-3,2,-4}
12     687    {-1,2,3,-4,5,-1,-2,3,-4,-2,-4,-3,-3,4,5}
12     688    {1,-2,-3,1,-3,2,-3,-3,-3,-2,1,-2,-2}
12     689    {-1,2,3,-4,5,-1,-2,3,-4,-2,-4,-4,5}
12     690    {-1,2,3,-4,5,6,-1,3,-5,6,2,-4,5,-3}
12     691    {-1,2,-3,4,5,6,-1,2,-3,-5,6,-4,5,4}
12     692    {1,-2,1,1,1,2,-3,2,2,2,1,-3,-3}
12     693    {-1,2,-3,-1,-3,-3,4,2,-3,-3,-3,4}
12     694    {-1,-2,-2,-1,-1,-2,-3,4,-3,4,2,-3,-3,-3}
12     695    {-1,-2,3,-4,3,-2,-2,-1,-1,2,3,-2,-4,3}
12     696    {-1,2,-3,-1,-2,3,-2,3,-4,3,-2,3,-4,3}
12     697    {-1,2,-3,-1,-3,4,2,-3,2,4,-3,4}
12     698    {-1,2,-3,4,-1,-3,2,-3,2,4,-3,-3}
12     699    {-1,2,-1,2,3,-4,3,3,-2,3,-2,-4,-3,-3}
12     700    {-1,-2,3,-2,-1,-1,2,3,-4,3,-2,3,-4,3}
12     701    {1,1,1,2,2,-3,2,-1,2,2,-3,-3,2}
12     702    {-1,2,-3,4,-1,-3,-3,2,-3,4,-3,-3}
12     703    {-1,2,-3,-4,-1,-2,-2,3,-4,-2,3,3,-4,3}
12     704    {-1,2,3,-4,-1,2,-4,2,2,3,-2,3,3,-4}
12     705    {-1,2,-3,-1,2,-3,2,4,-3,2,-3,4}
12     706    {-1,-2,3,-4,-2,-1,-1,2,3,-2,3,-4,3,3}
12     707    {-1,2,-3,-4,-1,-2,3,-2,-4,3,3,-4,3,3}
12     708    {-1,2,-1,2,-3,-4,-2,3,-2,3,3,-4,3,3}
12     709    {-1,2,-3,-1,2,-3,4,-3,2,-3,-3,4}
12     710    {-1,2,-1,2,-3,-3,-4,-2,-2,3,-2,3,-4,3}
12     711    {-1,2,-3,4,-1,-3,-3,4,2,-3,4,-3}
12     712    {-1,2,-3,-1,-2,3,-2,-4,3,-2,-4,3,-4,3}
12     713    {-1,-1,-1,2,2,3,3,2,2,2,-1,2,-3}
12     714    {-1,-1,-1,-1,-1,2,2,3,3,2,-1,2,-3}
12     715    {-1,2,2,1,1,2,-3,2,-3,-3,-4,3,-4,-3}
12     716    {-1,2,2,2,2,2,2,2,2,-1,-1,2}
12     717    {1,2,-3,-3,2,-3,2,2,2,2,2,1,-2}
12     718    {-1,2,3,-1,3,2,2,2,-3,2,2,2,-1}
12     719    {-1,2,2,2,3,4,-2,3,4,3,2,-3,-1,-4,-1,2}
12     720    {-1,2,3,-1,3,2,2,2,2,2,-3,2,-1}
12     721    {-1,2,2,2,3,-4,-4,3,-2,3,-4,1,1,2}
12     722    {-1,2,-1,-1,-1,-1,-1,-1,-1,-1,-1,2}
12     723    {-1,2,3,3,2,-3,2,2,2,2,2,-1,2}
12     724    {-1,2,3,3,2,2,2,-3,2,2,2,-1,2}
12     725    {-1,2,2,2,-3,4,2,-3,-4,3,2,-3,1,4,1,2}
12     726    {-1,2,3,3,2,2,2,2,2,-3,2,-1,2}
12     727    {-1,2,-1,2,-3,2,3,3,3,4,4,3,2,-4}
12     728    {-1,-1,-1,2,-1,2,-3,2,2,3,3,2,-1}
12     729    {-1,2,2,1,1,2,-3,-4,3,-4,-3,2,-3,2}
12     730    {-1,2,-3,4,2,-3,-4,3,2,-3,1,4,1,2,2,2}
12     731    {-1,2,2,1,1,2,2,2,-3,-4,2,3,-4,-3}
12     732    {-1,2,2,2,3,4,-2,-3,4,3,2,-1,-1,2}
12     733    {-1,2,-1,2,2,2,-3,2,3,4,4,3,2,-4}
12     734    {-1,2,2,-3,-1,-1,2,2,3,3,2,-1,2}
12     735    {-1,2,-1,-2,-3,2,-3,4,-3,4,-5,-4,3,-4,-3,5,-2}
12     736    {-1,2,2,1,1,2,-3,-4,2,-4,-4,3,-4,-3}
12     737    {1,1,-2,1,1,1,2,-3,-3,2,-3,2,1}
12     738    {-1,2,3,-4,-4,3,-2,3,1,3,1,3,-4,2}
12     739    {-1,2,-1,2,2,3,3,3,-2,3,3,3,2}
12     740    {-1,2,3,-4,3,-4,3,-2,3,1,3,1,3,2}
12     741    {-1,2,3,-4,2,3,-4,3,2,-3,1,1,2,2,-3,2}
12     742    {-1,-1,2,-3,-1,-1,-1,2,2,3,3,2,-1}
12     743    {-1,-2,-3,4,4,5,5,4,-3,4,-2,-5,-1,2,3}
12     744    {1,2,3,4,-5,-5,4,-5,4,3,-4,2,1,-2,-3}
12     745    {-1,2,-1,2,-3,2,3,4,5,5,4,3,2,-4,-5}
12     746    {-1,2,-1,2,-1,-3,-1,2,2,3,3,2,-1}
12     747    {-1,2,3,-4,-1,2,-4,-3,2,2,2,3,3,-4}
12     748    {-1,2,2,1,1,2,-3,2,-3,-3,-3,4,3,-2,3,-4}
12     749    {-1,2,3,-4,-2,-3,4,-3,2,-3,1,4,1,2,2,2}
12     750    {-1,-2,-2,-3,2,1,-3,4,-3,4,-5,-4,3,-4,2,5,-3,-2,-2}
12     751    {-1,2,-3,4,5,-1,-3,5,-3,-4,-2,5,3,-2,4}
12     752    {-1,2,-3,-3,-2,-2,1,-2,-2,-3,4,5,2,-3,5,4,-5}
12     753    {-1,-2,3,-2,-2,3,1,4,-3,-2,4,5,4,-3,4,3,-5,2,2}
12     754    {-1,2,-3,4,-1,-2,4,-2,3,-2,3,3,3,4}
12     755    {-1,-1,2,-3,2,-1,2,-1,3,3,3,2,2}
12     756    {-1,2,3,-4,-1,2,-4,-3,2,3,3,3,3,-4}
12     757    {1,1,1,-2,-3,-3,2,-3,-3,-3,-2,1,-2}
12     758    {-1,2,-1,-2,-3,4,-3,4,4,4,-3,-2,-2,3}
12     759    {-1,2,-1,-2,3,3,3,3,3,3,-2,-2,3}
12     760    {-1,2,-1,-2,3,3,3,4,-3,4,3,-2,-2,3}
12     761    {-1,2,-1,-2,3,4,-3,4,4,4,3,-2,-2,3}
12     762    {-1,2,3,-1,-2,-2,-2,-2,-2,-2,-2,3,-2}
12     763    {-1,2,2,2,-3,-4,2,3,-4,3,2,1,1,2}
12     764    {-1,2,-3,-4,2,3,-4,3,2,1,1,2,2,2}
12     765    {-1,2,2,3,-4,1,-4,1,-3,-2,3,-2,3,-4,3,-4}
12     766    {-1,2,-3,4,-1,-2,4,3,-2,-2,-2,3,3,4}
12     767    {-1,-2,3,2,2,1,2,2,3,-4,5,4,-2,-3,4,3,-5,-4,3}
12     768    {-1,2,3,-4,-1,2,-4,2,2,-3,2,3,3,-4}
12     769    {-1,2,-3,4,4,-3,4,5,-2,-2,1,-2,3,-4,-2,-3,5}
12     770    {-1,2,-3,-3,-2,-2,1,2,-3,4,5,4,-3,-2,-3,4,-3,-5,4}
12     771    {-1,2,3,-4,2,-4,3,2,-4,-3,1,1,2,2,-3,2}
12     772    {-1,2,3,-1,3,-4,3,-2,3,-2,4,4,4,4}
12     773    {-1,2,-1,-2,-3,4,5,-3,-4,5,4,-3,-2,-2,3}
12     774    {-1,2,-1,-2,3,4,5,-3,-4,5,4,3,-2,-2,3}
12     775    {-1,-2,3,-4,5,3,5,4,-5,4,3,2,-1,2,3}
12     776    {-1,2,-3,4,-1,-2,4,-2,3,3,3,-2,3,4}
12     777    {-1,2,-3,4,-1,-2,4,3,-2,3,3,3,3,4}
12     778    {-1,2,-3,4,-1,-2,4,-2,-2,3,-2,3,3,4}
12     779    {1,2,-3,-4,2,-4,5,4,-3,2,4,1,-5,-4,-2,-3,4}
12     780    {-1,-2,3,3,-2,1,1,2,3,4,4,3,3,-2,3,-4}
12     781    {-1,2,-3,4,-5,-1,3,-5,3,4,-2,-5,3,-2,4}
12     782    {-1,2,-3,4,5,-1,-3,5,-2,-4,5,3,-2,4,4}
12     783    {-1,2,-3,4,-5,-1,4,-3,2,-3,4,-3,5,4,-3,-2,-3}
12     784    {-1,2,2,-3,-1,-1,2,2,3,-1,3,2,-1}
12     785    {-1,-2,3,-4,-2,-2,-1,-1,2,3,-2,-4,3,-4}
12     786    {-1,2,-1,-2,-3,4,5,-3,-4,-2,5,-2,3,4,4}
12     787    {-1,2,-1,-2,3,4,-3,4,-5,4,-3,4,3,5,-2,-2,3}
12     788    {-1,-2,3,-2,-2,-1,-1,2,3,-4,3,-2,3,-4}
12     789    {-1,-1,-1,2,2,3,-1,3,2,2,2,-3,-1}
12     790    {-1,2,2,-3,1,1,2,2,2,-3,-4,3,-4,-3}
12     791    {-1,2,-1,-2,-3,4,4,4,4,-3,4,-2,-2,3}
12     792    {-1,2,-1,-2,-3,4,5,-4,5,4,-3,4,-2,-2,3}
12     793    {-1,2,-3,4,-1,-3,4,2,-3,4,-3,4}
12     794    {-1,2,2,2,3,-1,3,2,2,2,2,2,-3}
12     795    {-1,2,-1,-2,-2,-3,4,-3,-3,-3,4,-2,3,-2}
12     796    {-1,2,-3,4,-1,-3,-3,-3,-3,-3,4,-2,3,-2}
12     797    {-1,-2,3,4,5,5,4,-5,4,-3,4,2,-1,2,3}
12     798    {-1,2,3,-1,3,-4,3,-2,3,3,4,4,3,2}
12     799    {-1,2,-1,-2,-3,4,5,-3,-3,-4,-2,5,-2,3,4}
12     800    {-1,2,-3,4,-1,-3,-3,-3,4,-2,-2,-2,3,-2}
12     801    {-1,2,2,2,3,-1,3,3,-2,3,3,3,2}
12     802    {-1,2,-3,4,5,-1,-3,-4,-2,-4,-4,5,-4,3,-2}
12     803    {-1,2,-3,4,-5,6,-1,-3,-5,6,-2,-4,5,-4,3,-2}
12     804    {-1,-2,-2,-1,-1,-2,-3,4,-3,2,-3,4,-3,4}
12     805    {-1,2,-1,2,-1,2,-1,2,2,2,2,2}
12     806    {-1,2,3,-1,3,2,-3,2,2,-1,2,-1,2}
12     807    {-1,2,3,-1,3,2,2,2,-1,-3,2,-1,2}
12     808    {-1,2,-3,4,-1,-3,4,-3,4,-3,-2,3,-2,4}
12     809    {-1,2,-1,2,3,3,3,3,3,2,-1,2,-3}
12     810    {-1,2,-1,-2,-2,-3,4,-3,2,-3,4,-3,-2,4}
12     811    {-1,-2,-2,-3,-1,-3,-1,-1,2,-3,-1,-3,-3}
12     812    {-1,2,3,-2,3,2,-4,1,1,2,-3,2,2,2,3,-4}
12     813    {-1,-1,-1,-2,-2,-3,-1,-3,2,-3,-1,-3,-3}
12     814    {-1,2,3,3,4,2,4,1,4,1,-3,2,4,4}
12     815    {-1,-1,-1,2,2,-1,-1,2,2,2,2,2}
12     816    {-1,2,-1,-2,-2,-2,3,3,-2,-2,3,3,3}
12     817    {-1,-1,-2,-2,-3,-1,-3,-1,2,-3,-1,-3,-3}
12     818    {-1,2,2,2,3,-1,3,-4,3,-2,3,-2,-4,-3}
12     819    {-1,2,-1,2,-1,-1,-1,2,-1,2,2,2}
12     820    {-1,2,-1,-2,3,-2,3,3,3,-2,3,-2,3}
12     821    {-1,2,-1,-2,3,-2,3,4,-3,-2,4,3,-2,3}
12     822    {-1,2,2,2,2,3,3,2,-1,2,2,2,-3}
12     823    {-1,2,-1,-2,-2,-3,4,-3,-3,-3,4,2,-3,-2}
12     824    {-1,-1,-1,2,2,2,2,-1,-1,2,2,2}
12     825    {-1,2,2,2,3,-1,3,-1,-1,2,-3,2,-1}
12     826    {-1,2,-1,-2,3,3,-2,-2,-2,-2,3,3,3}
12     827    {-1,2,3,-4,-4,3,2,-3,-4,1,-4,1,2,-4}
12     828    {-1,2,-3,-1,-3,4,-2,-2,-3,2,-3,-2,-4,-4,-4,-4}
12     829    {-1,-2,-2,-1,-1,-2,-3,4,-3,2,-3,-3,4,-3}
12     830    {-1,2,3,3,2,-1,-1,-1,2,-3,2,2,-1}
12     831    {-1,2,3,3,2,2,-1,-1,-1,2,-3,2,-1}
12     832    {-1,-2,-2,-1,-1,-2,-3,4,-3,-3,2,-3,4,-3}
12     833    {-1,2,2,2,2,3,-1,3,-1,2,-1,2,-3}
12     834    {-1,2,3,-4,3,-4,3,-4,2,-4,1,-3,1,2}
12     835    {-1,-1,-1,2,2,2,2,2,2,-1,-1,2}
12     836    {-1,2,3,-1,3,-1,-1,2,-3,2,2,2,-1}
12     837    {-1,2,3,-1,3,-1,-1,2,2,2,-3,2,-1}
12     838    {-1,-1,-1,2,-1,-1,-1,-1,-1,-1,-1,2}
12     839    {-1,2,-1,-2,-2,-2,-2,3,-2,-2,-2,3,-2}
12     840    {-1,2,3,3,2,2,2,-3,2,-1,2,2,2}
12     841    {-1,2,-3,4,2,2,2,-3,-4,3,2,-3,1,4,1,2}
12     842    {-1,2,3,-4,-4,3,-2,3,-4,1,-4,1,2,-4}
12     843    {-1,2,-3,-1,-3,-3,4,-3,-3,-3,4,-2,3,-2}
12     844    {-1,2,3,-4,-1,2,-4,-3,2,3,3,-4,-4,-4}
12     845    {-1,2,-1,-2,3,-2,-3,4,-3,-4,3,-2,3,3,3,4}
12     846    {-1,2,3,-1,-2,3,2,-4,2,-4,-4,3,-4,-4}
12     847    {-1,2,-3,4,-1,-2,4,3,-2,3,3,4,4,4}
12     848    {-1,2,2,2,2,3,-1,3,2,-1,2,2,-3}
12     849    {-1,2,3,-4,3,3,-4,3,2,-3,-4,1,1,2}
12     850    {-1,2,-1,2,2,-1,-1,-1,-1,-1,-1,2}
12     851    {-1,2,3,-1,3,-1,2,-3,2,2,2,-1,2}
12     852    {-1,2,3,-1,3,-1,2,2,2,-3,2,-1,2}
12     853    {-1,2,-3,-1,2,2,-3,4,4,-3,4,-3,4,-2,-3,-2}
12     854    {-1,2,3,-4,3,-4,3,-4,-2,-4,1,3,1,2}
12     855    {-1,-1,-1,2,3,3,2,-1,2,-3,-1,2,-1}
12     856    {-1,2,-1,-2,-2,3,4,-2,4,3,-2,3,-4,3}
12     857    {-1,2,-1,2,3,3,3,3,2,-1,-1,2,-3}
12     858    {-1,2,3,-4,-4,3,-4,-2,3,1,-4,3,1,2}
12     859    {-1,2,-1,2,2,-1,2,2,2,2,2,2}
12     860    {-1,2,3,-1,3,2,-3,2,2,2,-1,2,2}
12     861    {-1,2,3,-1,3,2,2,2,-3,2,-1,2,2}
12     862    {-1,2,-1,-2,3,2,-3,-4,3,2,-4,-3,2,-3,-3,-3}
12     863    {-1,2,3,-4,3,3,-4,3,-2,3,-4,1,1,2}
12     864    {-1,2,-1,2,-1,-1,2,-1,2,2,2,2}
12     865    {-1,-1,2,-1,2,3,-1,3,2,-3,2,-1,2}
12     866    {-1,2,3,-1,3,2,-1,2,2,-3,2,-1,2}
12     867    {-1,2,3,-4,-1,2,2,3,-4,3,-4,-2,3,-4}
12     868    {-1,-2,3,-2,3,-2,3,4,1,1,2,-3,2,-3,-4,-4}
12     869    {-1,2,2,2,-1,2,-1,2,-1,2,2,2}
12     870    {-1,2,-1,-2,3,-2,3,-2,3,-2,-2,-2,3}
12     871    {-1,2,-1,2,2,2,-1,-3,2,-1,2,3,3}
12     872    {-1,2,-1,-2,3,-2,3,-4,3,2,4,-3,-2,-4,-4,3}
12     873    {-1,2,3,-2,3,2,-4,1,-4,1,2,-4,-3,2,3,-4}
12     874    {-1,2,-1,2,-1,2,2,-3,2,-1,2,3,3}
12     875    {-1,-2,3,4,-2,4,3,-2,1,1,2,2,3,-4,3,-2}
12     876    {-1,-1,-1,-2,-2,-3,-1,-3,-3,-3,2,-3,-1}
12     877    {-1,2,3,3,4,2,-3,1,4,1,2,4,4,4}
12     878    {-1,2,2,-1,-1,-1,-1,2,2,2,2,2}
12     879    {-1,2,-1,-2,-2,-2,3,3,3,3,-2,-2,3}
12     880    {-1,2,-1,-2,3,-4,-5,-2,-5,-4,-3,-3,-2,-4,5}
12     881    {-1,2,3,-1,3,-1,-1,-1,-1,2,-3,2,-1}
12     882    {-1,2,-1,-2,-2,-2,3,4,-3,4,3,-2,-2,3}
12     883    {-1,2,-1,-2,3,-2,3,-4,3,2,-3,-3,-4,3,-2,3}
12     884    {-1,-2,3,-2,3,-2,1,1,2,-3,-4,2,3,-4,2,3}
12     885    {-1,2,3,-4,-1,2,2,2,3,-4,3,-2,3,-4}
12     886    {1,-2,-2,-3,4,2,1,4,4,3,-2,3,-2,4}
12     887    {-1,2,-3,4,-1,-2,3,-2,3,-2,3,-2,3,4}
12     888    {-1,2,3,-1,-2,3,-4,3,-4,3,2,2,3,-4}
12     889    {-1,2,-1,-2,3,-2,3,-2,3,-2,3,3,3}
12     890    {-1,2,-1,-2,3,-2,3,-2,3,-2,3,4,-3,4}
12     891    {-1,2,3,3,2,-1,2,2,2,-3,2,-1,2}
12     892    {-1,2,-1,-2,-3,-3,-4,-4,-3,2,-3,2,-3,4,2,3}
12     893    {-1,2,3,-4,-1,2,2,3,-4,3,-2,3,-4,-4}
12     894    {-1,2,3,-1,3,-1,2,-1,2,-3,2,-1,2}
12     895    {-1,2,2,-1,-1,2,2,3,3,2,-1,2,-3}
12     896    {-1,2,-1,-1,-1,2,-1,-3,2,-1,2,3,3}
12     897    {-1,2,-1,-2,3,4,-2,4,3,-2,3,-4,-2,3}
12     898    {-1,2,2,-1,-1,2,2,-1,-1,2,2,2}
12     899    {-1,2,-1,-2,3,3,-2,-2,3,3,-2,-2,3}
12     900    {-1,2,2,-3,4,2,2,3,1,3,1,2,-3,2,3,4}
12     901    {-1,2,3,-1,3,-2,3,3,3,4,-2,-2,-3,4}
12     902    {-1,-2,3,-4,5,3,4,-2,-3,4,3,-5,-2,1,-2,3,4,3,-2}
12     903    {-1,2,3,3,-4,2,1,1,-2,3,-2,3,3,-4,3,2}
12     904    {-1,2,-1,-2,3,-2,3,-2,-2,-2,3,-2,3}
12     905    {-1,2,-1,-2,3,3,2,2,-3,-4,3,-4,-3,-2,-2,3}
12     906    {-1,2,3,-1,-2,3,3,-2,-2,3,-2,4,-3,4}
12     907    {-1,2,3,3,2,-1,2,-3,2,-1,2,2,2}
12     908    {-1,2,-1,-2,3,-4,3,-2,-2,-3,4,-3,4,-2,-2,3}
12     909    {-1,-1,2,2,-1,2,-1,-1,-1,-1,-1,2}
12     910    {-1,2,-1,-2,-2,3,-2,-2,3,3,-2,3,-2}
12     911    {-1,2,2,-1,-1,2,3,-1,3,2,2,2,-3}
12     912    {-1,2,-3,4,-1,-3,4,4,-3,-3,4,-2,3,-2}
12     913    {-1,2,-3,4,-3,2,1,-3,2,-3,4,-3,-3,2}
12     914    {-1,2,3,4,4,3,-2,3,-4,1,1,-2,3,3,-2,-2}
12     915    {-1,-2,-2,-3,4,-3,-3,-2,3,-1,2,4,5,4,-3,4,-5}
12     916    {-1,2,2,-1,-1,2,2,2,2,-1,-1,2}
12     917    {-1,2,-1,2,2,3,-1,3,-1,2,-3,2,-1}
12     918    {-1,2,3,-1,3,-2,3,4,-2,-2,-3,4,4,4}
12     919    {-1,2,3,-1,3,-2,3,4,5,-2,-2,-3,-4,5,4}
12     920    {-1,2,-1,-1,-1,2,2,-1,-1,-1,-1,2}
12     921    {-1,2,2,2,3,-1,3,-1,2,-3,2,-1,2}
12     922    {-1,2,3,3,2,2,-1,-1,2,-3,2,-1,2}
12     923    {-1,2,2,-3,2,-1,2,2,2,2,3,3,2}
12     924    {-1,2,-3,4,2,-3,-4,3,2,-3,1,4,1,2,4,4}
12     925    {-1,2,3,-1,3,2,2,-1,-1,2,-3,2,-1}
12     926    {-1,2,3,-1,-2,3,-2,-2,-2,-2,3,3,-2}
12     927    {-1,2,-1,-2,-3,-2,-3,4,-3,2,4,-3,-2,4,4,3}
12     928    {-1,2,-1,2,-3,4,-3,2,-1,2,-3,2,-4,-3}
12     929    {-1,2,3,3,2,-1,-1,-1,2,-3,-1,2,-1}
12     930    {-1,2,2,-3,2,-1,2,2,3,3,2,2,2}
12     931    {-1,2,-1,-2,3,-4,2,-4,-3,-3,2,-3,4,-3,-3,-3}
12     932    {-1,2,2,-3,4,2,-3,2,-4,-1,2,-3,2,-4}
12     933    {-1,2,3,-4,-1,2,-4,2,3,-4,-2,3,-4,-4}
12     934    {-1,-1,2,-3,-1,2,-1,2,2,3,3,2,2}
12     935    {-1,2,2,-3,4,-3,2,-1,-3,2,-4,-3,2,-4}
12     936    {-1,2,-3,-3,2,1,1,2,-3,-4,3,-4,2,-3}
12     937    {-1,2,-1,-2,-2,3,-2,-2,-2,-2,-2,3,-2}
12     938    {-1,2,-3,-2,3,-2,3,1,3,1,3,3,4,-3,2,4}
12     939    {-1,-2,-3,4,-3,-4,2,3,1,-4,5,4,4,3,2,2,3,-4,3,-2,-5}
12     940    {-1,2,-3,4,-1,-3,4,-2,-5,4,4,3,-2,-4,-5}
12     941    {-1,2,3,-1,-2,-2,-2,-2,3,3,-2,3,-2}
12     942    {-1,2,-1,-2,-2,-2,-3,-4,3,-4,-3,2,2,3,3,3}
12     943    {-1,2,-3,-3,2,1,1,2,-3,-4,2,3,-4,-3}
12     944    {-1,-1,-1,2,3,3,2,2,-1,2,-3,2,-1}
12     945    {-1,2,-3,-4,-4,-3,2,-3,4,-3,1,-3,1,2}
12     946    {-1,2,2,3,3,2,-1,2,2,2,-3,2,2}
12     947    {-1,2,-1,-2,3,-4,2,-4,-3,-3,2,-3,-3,4,-3,-3}
12     948    {-1,2,-1,-2,-3,-3,4,-3,2,-3,2,3,4,-2,-3,4}
12     949    {-1,2,3,3,2,2,2,-1,2,-3,-1,2,-1}
12     950    {-1,2,-1,-2,3,-4,2,-4,-3,2,2,-3,2,4,-3,-3}
12     951    {-1,2,3,-4,-1,2,2,3,3,-4,3,-2,3,-4}
12     952    {-1,2,2,3,3,2,-1,2,-3,2,2,2,2}
12     953    {-1,-2,3,3,-2,1,1,2,-3,2,3,3,4,-3,4,3}
12     954    {-1,2,2,2,3,3,2,-1,2,-3,-1,2,-1}
12     955    {-1,-2,-2,3,-2,-2,3,4,1,-3,1,4,3,2,-3,2}
12     956    {-1,2,-1,2,2,2,-3,2,-1,2,2,3,3}
12     957    {-1,2,3,-4,-2,-3,4,-3,2,-3,1,4,1,2,4,4}
12     958    {-1,2,2,-3,-1,2,-1,2,3,3,2,2,2}
12     959    {-1,2,-1,-2,3,-4,2,-4,-3,2,-3,4,2,-3,-3,-3}
12     960    {-1,2,-3,-4,-4,-3,2,1,1,2,-3,4,2,-3}
12     961    {-1,2,3,-4,-1,2,-4,2,3,-2,3,-4,3,-4}
12     962    {-1,2,-3,4,-1,-2,-2,-2,3,-2,-2,3,3,4}
12     963    {-1,2,3,-4,-2,-4,3,2,-4,1,1,2,-3,2,3,-4}
12     964    {-1,2,-3,4,-1,-2,3,-2,3,3,-2,3,3,4}
12     965    {-1,2,3,-1,-2,3,-4,-4,3,-4,2,2,3,-4}
12     966    {-1,2,3,3,2,2,-1,2,-1,-3,-1,2,-1}
12     967    {-1,2,3,-2,3,-4,3,3,2,1,1,2,-3,2,3,-4}
12     968    {-1,2,3,-1,-2,3,2,-4,2,2,3,-4,-4,-4}
12     969    {-1,2,3,-1,-2,3,2,-4,-5,2,2,3,4,-5,-4}
12     970    {-1,2,-1,-2,3,-2,3,3,-2,3,3,3,3}
12     971    {-1,2,-1,-2,3,-2,3,3,-2,3,3,4,-3,4}
12     972    {-1,2,3,3,2,-1,2,-3,-1,-1,-1,2,-1}
12     973    {-1,2,-3,-1,-2,-2,-3,4,-3,2,-3,-2,-4,-4,-4,-4}
12     974    {-1,2,3,4,-3,4,3,5,4,2,3,3,2,1,2,-3,2,-4,-3,-5,2}
12     975    {-1,2,-3,4,-5,-1,-2,3,-2,3,3,-4,3,-4,-5}
12     976    {-1,2,-3,-4,-1,-2,-2,3,-4,3,-5,-2,3,4,-5}
12     977    {-1,2,2,-3,2,-1,2,3,3,3,3,2,2}
12     978    {-1,2,3,3,-4,3,3,-2,3,1,-4,3,1,2}
12     979    {-1,2,3,-1,3,-1,2,2,-1,2,-3,2,-1}
12     980    {-1,2,3,3,2,2,-1,2,-3,2,-1,2,2}
12     981    {-1,2,2,-1,-1,2,-1,-1,2,2,2,2}
12     982    {-1,2,-1,-2,-2,3,3,-2,3,3,-2,-2,3}
12     983    {-1,2,3,3,-4,2,1,1,-2,3,3,-2,3,-4,3,2}
12     984    {-1,2,2,2,-1,2,2,-1,2,2,2,2}
12     985    {-1,2,2,2,3,-1,3,2,-3,2,-1,2,2}
12     986    {-1,2,-1,-1,2,-3,-1,2,-1,2,3,3,2}
12     987    {-1,2,2,3,-1,3,2,-1,2,2,-3,2,2}
12     988    {-1,2,-1,-2,3,-2,-2,-2,-2,3,-2,-2,3}
12     989    {-1,2,3,-1,2,-3,4,-3,-2,-4,-2,-2,3,-4,3,-2}
12     990    {-1,2,3,-4,-1,2,-4,2,2,3,-2,-4,3,-4}
12     991    {-1,2,3,-1,2,2,2,3,-4,3,3,-2,3,-4}
12     992    {-1,2,3,-1,-2,3,-2,3,3,4,-2,-2,-3,4}
12     993    {-1,2,-1,-2,3,-2,3,-2,-2,3,-2,3,3}
12     994    {-1,2,3,3,2,-1,2,-3,-1,2,-1,2,2}
12     995    {-1,2,-3,-1,-2,-2,-2,-2,-3,4,-3,2,-3,-2,-4,-4}
12     996    {-1,-2,3,4,5,3,2,2,3,4,1,-2,-3,4,3,-5,-4,3,2,2,3}
12     997    {-1,2,3,3,2,-1,2,2,2,-3,-1,2,-1}
12     998    {-1,2,3,3,2,-1,2,-3,2,2,-1,2,-1}
12     999    {-1,2,2,-1,-1,2,2,2,-1,-1,2,2}
12    1000    {-1,2,-1,-2,3,3,-2,-2,3,-2,-2,3,3}
12    1001    {-1,2,-1,-2,-3,-4,-4,-3,2,2,-3,4,-3,2,2,3}
12    1002    {-1,2,2,2,-1,2,-1,-1,2,-1,2,2}
12    1003    {-1,2,2,-1,2,-3,2,2,-1,2,2,3,3}
12    1004    {-1,2,-3,-1,-3,-4,-2,-4,-2,-4,-3,2,-3,-2,4,-3}
12    1005    {-1,2,3,-1,3,2,-1,2,2,-3,-1,2,-1}
12    1006    {-1,2,-1,-2,3,-2,3,3,-2,3,-2,-2,3}
12    1007    {-1,2,3,-1,3,-1,-1,-1,2,-3,2,-1,2}
12    1008    {-1,2,-3,2,-3,2,-3,1,-3,-4,3,1,2,-4}
12    1009    {-1,2,3,-1,3,2,-3,2,-1,2,2,2,2}
12    1010    {-1,2,-1,-2,3,2,-3,2,-3,2,-3,-3,-3,-4,3,-4}
12    1011    {-1,2,-1,-1,-1,2,-1,2,2,2,2,-1}
12    1012    {-1,-1,-1,2,3,-1,3,-1,2,-3,2,-1,2}
12    1013    {-1,2,2,2,-1,2,-1,-1,-1,-1,2,-1}
12    1014    {-1,-1,-1,2,3,-1,3,2,-3,2,-1,2,2}
12    1015    {-1,2,3,-1,-2,-2,3,3,3,3,-2,3,-2}
12    1016    {-1,2,-3,-4,2,3,-4,-3,2,-3,1,-3,1,2}
12    1017    {-1,2,-1,-2,3,-2,3,3,3,3,-2,3,3}
12    1018    {-1,2,-1,-2,3,-2,3,4,4,3,-2,-4,3,3}
12    1019    {-1,2,-3,4,-1,2,-3,-1,2,4,-3,4}
12    1020    {-1,2,-3,4,-1,-3,2,-1,-3,2,4,-3}
12    1021    {1,2,2,-3,4,2,-3,1,2,4,-3,4,-3,-2}
12    1022    {1,2,-3,4,2,-3,4,-3,1,5,4,-2,-3,4,3,-5,4}
12    1023    {-1,-1,-1,2,2,2,2,3,3,2,-1,2,-3}
12    1024    {-1,2,3,-4,-2,-4,-4,3,-4,3,2,1,1,2}
12    1025    {1,1,1,2,-3,2,-3,-1,2,-3,2,1,-3}
12    1026    {-1,2,3,-4,3,-4,-2,3,1,-4,3,1,2,-4}
12    1027    {-1,2,2,2,2,-1,-1,-1,-1,2,2,2}
12    1028    {-1,-1,-1,2,2,2,3,-1,3,2,-3,2,-1}
12    1029    {-1,2,-1,-2,3,3,3,3,-2,-2,-2,-2,3}
12    1030    {-1,2,3,-4,-4,-4,-4,3,2,-3,-4,1,1,2}
12    1031    {-1,-1,-1,2,3,-1,3,-1,-1,2,-3,2,-1}
12    1032    {-1,2,-3,-4,3,-4,-3,2,-3,1,-3,1,-3,2}
12    1033    {-1,2,-1,-2,3,4,-3,4,3,-2,-2,-2,-2,3}
12    1034    {-1,2,-1,-2,3,-2,-3,4,5,5,4,-3,-2,4,-5}
12    1035    {-1,2,-3,4,2,3,1,1,2,2,3,3,3,3,-2,4}
12    1036    {-1,2,-3,2,2,1,1,1,1,1,2,-3,2}
12    1037    {-1,-2,-2,-3,2,1,-3,-4,-5,-4,3,-2,-4,3,-4,5,-4,-3,-3,2,-3}
12    1038    {-1,2,-1,-2,-2,-3,4,-3,2,-3,-3,4,-3,-2}
12    1039    {-1,-1,-1,2,-3,4,-1,2,-3,4,4,4}
12    1040    {-1,2,3,-4,5,-1,-2,3,-2,5,5,-4,5}
12    1041    {-1,2,3,3,3,3,2,-1,2,-3,2,-1,2}
12    1042    {-1,2,3,3,2,-1,-1,-1,2,-3,2,-1,2}
12    1043    {-1,2,-3,2,-3,2,1,1,2,-3,-4,3,2,-4}
12    1044    {-1,2,3,-4,3,-4,3,-2,3,1,-4,3,1,2}
12    1045    {-1,2,3,-4,-1,2,-3,2,2,2,2,3,3,-4}
12    1046    {-1,2,-3,4,5,-1,-2,-4,5,4,3,-2,3,3,4}
12    1047    {-1,2,2,2,2,-1,-1,2,2,-1,-1,2}
12    1048    {-1,2,2,-1,-1,2,3,-1,3,2,-3,2,-1}
12    1049    {-1,2,3,-1,3,-2,3,4,-2,-2,-2,-2,-3,4}
12    1050    {-1,2,3,-4,3,-2,3,-2,-4,-3,-1,2,-3,2}
12    1051    {-1,2,-1,-1,-1,-1,-1,2,2,-1,-1,2}
12    1052    {-1,2,-1,-2,-2,3,3,-2,-2,3,-2,3,-2}
12    1053    {-1,-1,2,2,-1,-1,2,-3,2,-1,2,3,3}
12    1054    {-1,2,-1,-2,-3,-3,4,-3,2,-3,2,-3,2,3,4,-3}
12    1055    {1,2,-3,2,-3,-3,-4,5,3,4,2,1,-2,-3,4,-5,-4}
12    1056    {-1,-1,2,2,-3,-1,2,-1,2,2,3,3,2}
12    1057    {-1,-2,3,-2,-3,4,-3,-2,4,5,-1,4,2,-3,4,-5,4}
12    1058    {1,2,-3,-3,-4,5,3,4,2,-3,2,4,1,-5,-4,-2,-3}
12    1059    {-1,2,3,3,3,3,2,2,-1,2,-3,2,2}
12    1060    {-1,-1,2,2,2,-3,-1,2,-1,2,2,3,3}
12    1061    {-1,2,-1,-1,2,-3,2,-1,2,2,3,3,2}
12    1062    {-1,2,3,-4,3,3,-2,3,-4,3,1,3,1,2}
12    1063    {-1,2,-3,4,-1,-3,4,-3,-3,-2,4,4,3,-2}
12    1064    {-1,2,3,-1,3,-1,2,-3,2,-1,2,2,2}
12    1065    {-1,2,-3,2,-3,4,-3,2,-4,-1,2,-3,2,-4}
12    1066    {-1,2,3,-1,-2,-2,3,3,-2,-2,-2,3,-2}
12    1067    {-1,2,-3,-3,4,-3,2,-4,-1,2,-3,2,-4,-3}
12    1068    {-1,2,-1,-2,-3,-4,3,-4,-3,2,2,-3,-3,2,2,3}
12    1069    {-1,-2,-2,-3,4,-5,-3,4,2,-3,1,-2,-3,4,5,4,-3,2,-3}
12    1070    {-1,2,3,-4,-1,-2,3,-4,3,2,2,2,3,-4}
12    1071    {-1,2,3,3,2,-1,2,-3,-1,2,2,2,-1}
12    1072    {1,1,1,2,2,-3,2,-1,2,-3,2,1,-3}
12    1073    {-1,-2,3,3,-4,-2,1,1,2,-3,2,3,3,4,4,3}
12    1074    {-1,2,3,-4,-1,3,-2,3,-4,3,2,2,2,3}
12    1075    {-1,-2,-2,-3,4,3,-2,-2,3,1,3,1,2,-3,2,4}
12    1076    {-1,2,3,-4,-1,-2,3,-4,-4,3,2,2,3,-4}
12    1077    {-1,2,3,-4,3,-4,-2,3,1,3,-4,1,3,2}
12    1078    {-1,2,3,3,2,-1,-1,2,-1,2,-3,2,-1}
12    1079    {-1,2,3,3,2,-1,2,-1,2,2,-3,2,-1}
12    1080    {-1,2,3,-1,3,-2,3,-4,3,3,2,2,3,-4}
12    1081    {-1,2,3,-4,-1,2,-4,-3,2,3,-4,3,-4,3}
12    1082    {-1,2,3,-1,3,3,2,2,2,-3,2,-4,3,-4}
12    1083    {-1,2,3,-1,3,2,2,2,-1,-3,-1,2,-1}
12    1084    {-1,2,3,-1,-2,-2,-2,3,-2,4,-2,-2,-3,4}
12    1085    {-1,-2,3,4,5,4,-3,-2,4,1,3,-2,3,4,4,-5,4,-3,-2}
12    1086    {-1,2,-1,-2,3,4,-2,4,3,3,-2,3,-4,3}
12    1087    {-1,2,3,-1,-2,-2,3,3,-2,3,-2,4,-3,4}
12    1088    {-1,2,-1,-2,-3,4,4,-3,2,2,3,4,-2,-2,-3,4}
12    1089    {-1,2,3,-1,3,3,2,-3,2,-4,2,2,3,-4}
12    1090    {1,2,2,3,-4,-3,2,-3,2,-4,5,1,-2,4,-3,4,-5}
12    1091    {-1,2,3,-1,3,2,-1,-1,2,2,-3,2,-1}
12    1092    {-1,2,-1,-2,-3,4,-3,4,-3,2,2,3,-2,4,-2,-3}
12    1093    {-1,2,3,-4,-1,2,-4,-3,2,3,-4,-4,3,-4}
12    1094    {-1,2,3,-1,3,3,-2,3,-2,4,5,-3,-4,5,4}
12    1095    {-1,2,-3,4,-1,4,-3,4,-3,-2,3,-2,4,4}
12    1096    {-1,2,3,-1,3,-4,-2,3,-4,3,2,2,3,-4}
12    1097    {-1,2,3,3,4,5,-3,4,2,3,3,2,1,2,-3,-4,3,-5,3,2,-4,-3,2}
12    1098    {-1,2,3,-4,3,-2,3,-4,3,2,1,1,2,-3,2,3}
12    1099    {-1,2,2,2,-1,2,-3,2,-1,2,2,3,3}
12    1100    {-1,-1,2,-1,-1,2,-3,2,-1,2,3,3,2}
12    1101    {-1,2,2,-1,2,2,-3,2,-1,2,3,3,2}
12    1102    {-1,2,-3,4,-3,2,-1,2,-3,2,4,-3}
12    1103    {-1,2,-1,-2,-3,4,-2,-3,2,-3,4,-3,-3,-2,4,3}
12    1104    {-1,2,-3,4,-1,-2,3,3,-2,3,3,-2,3,4}
12    1105    {-1,2,-3,4,2,-1,2,-3,2,-3,4,-3}
12    1106    {1,2,-3,4,-3,2,1,-3,4,-3,5,4,-2,-3,4,3,-5}
12    1107    {-1,2,-1,-2,3,3,3,-2,3,3,-2,3,3}
12    1108    {-1,2,-1,-2,3,4,-3,-2,4,3,3,-2,3,3}
12    1109    {-1,2,2,-1,2,2,3,-1,3,2,-1,2,-3}
12    1110    {-1,2,3,-4,3,-4,-2,3,2,-4,1,1,2,-3,2,3}
12    1111    {-1,2,3,-1,3,-1,2,-1,2,-3,-1,2,-1}
12    1112    {-1,2,-3,4,2,3,1,3,1,3,3,2,-3,2,3,4}
12    1113    {-1,-2,-3,4,-3,-4,2,1,2,-3,-3,-4,-5,-4,3,-2,-4,3,-4,5,-4,-3,-3}
12    1114    {-1,2,2,2,2,2,-1,2,2,-1,2,2}
12    1115    {-1,2,-1,-2,-2,-2,3,-2,-2,3,-2,-2,3}
12    1116    {-1,2,2,3,-1,3,2,2,2,-3,-1,2,2}
12    1117    {-1,2,-3,-4,-1,-2,-4,-2,3,-4,-5,-2,3,4,-5}
12    1118    {-1,2,-3,-1,-3,4,-3,-3,4,-3,-2,3,-2,4}
12    1119    {-1,2,3,-1,3,-1,-1,2,-3,2,-1,2,2}
12    1120    {-1,2,2,2,2,2,-1,2,-1,-1,2,-1}
12    1121    {-1,2,-1,-2,-2,-2,3,-2,3,3,-2,3,3}
12    1122    {1,2,-1,2,-3,4,2,-3,1,-3,2,-3,4,-3}
12    1123    {-1,2,-1,-2,-3,4,-2,4,3,2,-3,2,-3,4,-3,4}
12    1124    {-1,2,3,-4,5,6,-1,-2,3,-4,-5,-2,-3,4,6,5}
12    1125    {-1,2,2,2,2,1,1,2,-3,-4,2,3,-4,-3}
12    1126    {-1,-2,3,4,5,5,4,-5,4,3,-4,-2,-1,2,3}
12    1127    {-1,2,3,-4,5,6,-1,-2,3,-2,-5,6,-4,5}
12    1128    {-1,2,2,2,2,2,2,-1,-1,-1,-1,2}
12    1129    {-1,-1,-1,2,3,-1,3,2,-3,2,2,2,-1}
12    1130    {-1,-1,-1,2,3,-1,3,2,2,2,-3,2,-1}
12    1131    {-1,-1,-1,-1,-1,2,3,-1,3,2,-3,2,-1}
12    1132    {-1,2,-1,-2,3,-2,3,3,3,4,4,3,-2,-4}
12    1133    {-1,2,-3,-4,3,-4,-3,2,-3,1,1,2,2,2}
12    1134    {-1,2,-1,-1,-1,-1,-1,-1,-1,2,2,2}
12    1135    {-1,-1,-1,2,3,3,2,-3,2,2,2,-1,2}
12    1136    {-1,-1,-1,2,3,3,2,2,2,-3,2,-1,2}
12    1137    {-1,2,3,-4,2,-4,-4,3,-4,3,2,-3,1,-3,1,2}
12    1138    {-1,2,3,-4,-4,-4,-4,3,-2,3,-4,1,1,2}
12    1139    {-1,-2,-3,4,5,-3,5,4,-5,4,-3,-2,-1,2,3}
12    1140    {-1,2,3,-4,-4,-4,3,-4,3,-2,3,1,1,2}
12    1141    {-1,2,-3,4,-1,-2,3,-2,-2,-2,-2,3,3,4}
12    1142    {-1,2,3,-4,-2,-3,4,-3,-3,-3,2,-3,1,4,1,2}
12    1143    {-1,2,3,-4,-5,-1,2,4,-5,-4,-3,2,3,3,-4}
12    1144    {-1,2,-1,-2,3,-2,3,4,-3,4,-5,4,-3,4,3,5,-2}
12    1145    {-1,2,3,-1,3,3,-2,-2,-2,-2,-2,3,-2}
12    1146    {-1,2,-3,-4,2,-4,-4,3,-4,3,2,1,1,2}
12    1147    {-1,-1,-1,2,2,2,3,-1,3,2,2,2,-3}
12    1148    {-1,2,-3,4,-1,-3,-3,-3,4,-2,4,4,3,-2}
12    1149    {-1,2,-3,4,5,-1,-3,5,-2,5,-4,5,-4,3,-2}
12    1150    {-1,2,3,-1,3,3,-2,-2,-2,3,-2,4,-3,4}
12    1151    {-1,2,3,-1,3,3,2,-3,2,-4,-5,3,4,-5,-4}
12    1152    {-1,2,-3,4,2,-3,-1,2,-3,2,4,-3}
12    1153    {-1,2,3,-1,-2,3,2,-4,2,2,2,2,3,-4}
12    1154    {1,2,3,-4,-3,2,-3,2,-4,5,4,-3,4,-5,2,1,-2}
12    1155    {-1,-2,3,3,-4,-2,3,1,1,-2,3,4,4,3,2,2}
12    1156    {-1,2,3,-1,2,2,2,3,-4,3,-2,3,3,-4}
12    1157    {-1,2,3,-1,3,3,3,3,3,3,-2,3,-2}
12    1158    {-1,2,2,2,-3,-4,2,3,-4,-3,2,1,1,2}
12    1159    {-1,2,-3,-4,2,3,-4,-3,2,1,1,2,2,2}
12    1160    {-1,-2,-3,4,-3,-4,2,5,-4,1,-5,-5,-4,3,-4,2,2,3,-2}
12    1161    {-1,-2,3,-4,5,3,5,4,-5,4,3,-2,-1,2,3}
12    1162    {-1,2,3,4,-1,-3,4,-2,-2,-2,-2,-2,3,-2}
12    1163    {-1,-2,3,4,5,5,4,-5,4,-3,4,-2,-1,2,3}
12    1164    {-1,2,3,4,-1,4,4,-3,4,-2,4,4,3,-2}
12    1165    {-1,2,-3,4,5,-1,-3,-3,-3,-4,5,4,-2,3,-2}
12    1166    {-1,2,-3,4,5,6,-1,-3,-5,6,-2,-4,5,-4,3,-2}
12    1167    {-1,2,-3,4,-1,-2,-2,3,-2,3,-2,3,3,4}
12    1168    {-1,2,-1,-1,2,2,2,-1,-1,2,2,2}
12    1169    {-1,2,3,-1,3,-2,3,-2,-2,-2,3,3,-2}
12    1170    {-1,2,-1,-2,3,-2,3,3,-2,-2,-2,3,3}
12    1171    {-1,2,-1,-2,3,-2,3,-4,-3,4,-3,-2,3,4,3,3}
12    1172    {-1,-1,2,-1,-1,2,2,-3,2,-1,2,3,3}
12    1173    {-1,-2,3,-2,-3,-3,4,5,-3,4,-2,-1,2,-3,4,-5,4}
12    1174    {-1,2,-1,-2,3,-2,-2,3,-2,-2,3,3,3}
12    1175    {-1,2,2,3,-1,3,-1,2,-1,2,-3,2,2}
12    1176    {-1,2,-1,-1,2,2,2,2,2,-1,-1,2}
12    1177    {-1,2,-1,-2,-2,3,3,-2,3,-2,3,3,-2}
12    1178    {-1,-1,2,2,2,-3,-1,-1,2,-1,2,3,3}
12    1179    {-1,2,-3,4,-1,4,-3,4,-3,-2,4,4,3,-2}
12    1180    {-1,2,-1,-2,3,-2,-2,3,3,3,-2,-2,3}
12    1181    {-1,2,-1,-2,3,4,-2,-2,-3,4,3,-2,-2,3}
12    1182    {-1,-1,-1,2,2,3,3,2,-1,2,-3,2,2}
12    1183    {-1,2,2,3,-4,-3,2,2,1,1,2,-3,2,-4}
12    1184    {-1,2,-1,2,-3,2,-1,2,2,2,2,3,3}
12    1185    {-1,2,3,-4,-1,3,-4,-2,-2,-3,4,-3,2,3,-2,-4}
12    1186    {-1,2,-1,2,-3,2,-1,2,2,3,3,2,2}
12    1187    {-1,2,3,-1,3,2,2,-1,2,-3,2,-1,2}
12    1188    {1,2,-3,4,-3,4,-2,1,-2,1,-3,-2,4,-3}
12    1189    {-1,-2,3,-2,3,-2,-4,3,1,3,1,2,-3,2,4,4}
12    1190    {-1,2,3,-4,-1,2,2,3,-4,3,-2,3,-4,3}
12    1191    {-1,2,2,-1,2,-1,2,-1,2,2,2,2}
12    1192    {-1,2,-1,2,2,3,-1,3,2,-3,2,-1,2}
12    1193    {-1,2,-1,2,-1,2,-3,2,-1,2,3,3,2}
12    1194    {-1,2,-1,-2,3,3,-2,3,-2,3,-2,3,3}
12    1195    {-1,2,3,-1,-2,-2,3,-2,3,4,-2,-2,-3,4}
12    1196    {-1,2,3,-1,3,2,-1,2,-3,-1,2,-1,2}
12    1197    {-1,-1,-1,2,3,3,2,-1,2,-3,2,-1,2}
12    1198    {-1,2,-1,-2,3,-2,3,4,4,3,-2,3,-4,3}
12    1199    {-1,2,2,-1,2,-1,-1,-1,2,-1,2,2}
12    1200    {-1,2,3,-1,-2,3,3,-2,3,3,-2,3,-2}
12    1201    {-1,2,-1,-1,-1,2,-3,2,-1,2,2,3,3}
12    1202    {-1,-2,-3,4,-3,2,1,-3,-4,2,3,-4,5,6,-4,5,3,4,-2,-3,4,5,-6,-5}
12    1203    {-1,2,2,2,-1,-1,2,-1,-1,2,2,2}
12    1204    {-1,2,-1,-2,3,-2,-2,-2,3,3,-2,3,3}
12    1205    {-1,2,-1,-2,3,-2,3,-4,2,3,-4,-2,3,-2,3,3}
12    1206    {-1,2,2,3,-4,3,2,-4,2,1,1,2,-3,4,2,-3}
12    1207    {-1,2,3,3,2,-1,2,-3,2,2,2,-1,2}
12    1208    {-1,-2,3,-2,3,-2,3,4,1,-3,1,4,3,2,-3,2}
12    1209    {-1,-1,-1,2,-1,2,-1,2,-1,2,2,2}
12    1210    {-1,2,-1,2,2,2,-1,2,-1,2,2,2}
12    1211    {-1,2,-1,2,-1,2,-1,2,2,-1,-1,2}
12    1212    {-1,2,-1,2,-1,2,-1,2,-1,-1,-1,2}
12    1213    {-1,2,3,-1,-2,3,-2,3,-2,3,-2,3,-2}
12    1214    {-1,-1,-1,-1,-1,2,-1,-1,-1,-1,-1,2}
12    1215    {-1,-1,-1,2,-1,2,2,-1,-1,-1,-1,2}
12    1216    {-1,-1,-1,2,-1,2,-1,-3,2,-1,2,3,3}
12    1217    {-1,2,-1,-2,3,-2,3,4,-2,4,3,-2,3,-4}
12    1218    {-1,2,-1,2,2,2,2,-1,-1,-1,-1,2}
12    1219    {-1,-1,-1,2,-1,2,2,-1,2,2,2,2}
12    1220    {-1,2,-1,2,2,2,2,-1,2,2,2,2}
12    1221    {-1,-1,-1,2,-1,2,-1,-1,2,-1,2,2}
12    1222    {-1,2,-1,2,-1,2,-1,-1,2,2,2,-1}
12    1223    {-1,-1,-1,2,-1,-1,-1,2,2,-1,-1,2}
12    1224    {-1,2,3,-1,3,-2,-2,3,-2,-2,-2,3,-2}
12    1225    {-1,2,-1,2,2,-1,-1,2,2,-1,-1,2}
12    1226    {-1,-1,-1,2,2,2,-1,2,2,-1,2,2}
12    1227    {-1,2,-1,2,-1,-1,2,2,2,-1,2,2}
12    1228    {-1,2,3,-1,3,-2,3,-2,3,-2,-2,3,-2}
12    1229    {-1,2,-1,2,2,-1,-1,2,-1,2,2,-1}
12    1230    {-1,2,-1,2,-1,-1,2,2,-1,-1,2,-1}
12    1231    {-1,2,-1,2,-1,2,2,2,-1,-1,2,-1}
12    1232    {-1,2,3,-1,3,-2,3,3,-2,3,-2,3,-2}
12    1233    {-1,-1,-1,2,-1,-1,-1,-1,-1,2,2,2}
12    1234    {-1,2,-1,-2,-2,3,3,3,-2,-2,-2,3,-2}
12    1235    {-1,2,-1,2,2,-1,-1,-1,-1,2,2,2}
12    1236    {-1,2,-1,-2,-2,3,3,3,-2,3,-2,3,3}
12    1237    {-1,2,-1,2,-1,-3,-1,2,-1,2,2,3,3}
12    1238    {-1,2,-1,2,-1,-1,-1,-1,2,2,2,-1}
12    1239    {-1,-1,2,2,-1,2,3,-1,3,2,-3,2,-1}
12    1240    {-1,2,3,-1,3,3,3,-2,3,-2,3,3,-2}
12    1241    {-1,2,-3,-4,3,-4,2,2,-3,2,-3,1,1,2}
12    1242    {-1,2,3,-1,3,3,3,3,-2,3,3,3,-2}
12    1243    {-1,2,-1,-2,-2,3,4,-3,4,-2,-2,-2,3,-2}
12    1244    {-1,2,3,-1,3,3,3,-2,-2,3,-2,3,-2}
12    1245    {-1,2,-1,-2,-2,3,4,-3,4,-2,3,-2,3,3}
12    1246    {-1,-1,-1,2,-1,-1,2,2,2,-1,-1,2}
12    1247    {-1,2,3,-1,3,-2,3,3,3,-2,3,3,-2}
12    1248    {-1,2,-1,2,-1,2,2,-1,2,-1,2,2}
12    1249    {-1,2,-1,2,-1,2,2,-1,2,-1,-1,2}
12    1250    {-1,-1,2,2,-1,2,-1,2,2,-1,-1,2}
12    1251    {-1,2,-3,2,-3,1,4,1,2,-3,2,-3,-4,-4}
12    1252    {-1,2,2,-3,-1,-1,2,-1,2,2,3,3,2}
12    1253    {-1,2,2,-1,-1,2,-1,2,2,-1,2,2}
12    1254    {-1,2,-1,-1,-1,2,2,2,-1,2,2,-1}
12    1255    {-1,2,-1,-1,-1,2,-1,2,-1,-1,2,-1}
12    1256    {-1,2,3,-1,3,3,-2,3,3,-2,-2,3,-2}
12    1257    {-1,2,3,-1,-2,-2,3,-2,-2,3,-2,3,-2}
12    1258    {-1,-1,2,2,-1,2,-1,-1,-1,2,2,2}
12    1259    {-1,2,3,-1,3,3,-2,-2,3,3,-2,3,-2}
12    1260    {-1,2,-1,-1,-1,2,2,-1,-1,2,2,2}
12    1261    {-1,-1,-1,2,2,-3,2,-1,2,2,3,3,2}
12    1262    {-1,2,3,-1,3,-2,-2,3,3,3,-2,3,-2}
12    1263    {-1,2,-1,-2,3,-2,3,4,4,3,-2,3,3,-4}
12    1264    {-1,2,3,-1,3,3,-2,3,-2,-2,3,3,-2}
12    1265    {-1,2,3,4,-1,-3,4,-2,-2,3,3,-2,3,-2}
12    1266    {-1,2,3,-1,3,-4,3,-2,3,3,4,4,3,-2}
12    1267    {-1,2,3,-1,3,-2,-2,3,4,-3,4,-2,3,-2}
12    1268    {-1,-1,2,2,3,-1,3,2,-1,2,-3,2,-1}
12    1269    {-1,2,3,4,-1,-3,4,-2,3,3,-2,-2,3,-2}
12    1270    {-1,2,2,-1,2,-3,-1,2,-1,2,2,3,3}
12    1271    {-1,2,3,-1,3,-4,-2,3,-2,3,4,4,3,-2}
12    1272    {-1,-1,-1,2,-1,2,-3,2,-1,2,2,3,3}
12    1273    {-1,2,-1,-1,-1,-1,-1,2,2,2,2,2}
12    1274    {-1,-1,-1,-1,-1,2,3,3,2,-3,2,-1,2}
12    1275    {-1,2,-3,2,-3,-3,-4,3,-4,-3,2,1,1,2}
12    1276    {-1,2,3,-1,3,3,3,3,-2,-2,-2,3,-2}
12    1277    {-1,2,3,-1,3,3,4,-3,4,-2,-2,-2,3,-2}
12    1278    {-1,2,-3,4,-1,-3,4,-2,4,4,4,4,3,-2}
12    1279    {-1,-2,-3,4,5,5,4,-5,4,-3,4,-2,-1,2,3}
12    1280    {-1,2,3,-1,3,3,-2,3,-2,4,-2,-2,-3,4}
12    1281    {-1,2,3,4,-1,-3,4,-2,4,-2,4,-2,3,-2}
12    1282    {-1,2,3,4,5,-1,-3,-4,5,4,-2,-2,-2,3,-2}
12    1283    {-1,2,2,2,-1,-1,-1,-1,-1,2,2,2}
12    1284    {-1,2,-1,-2,-2,3,3,3,-2,3,3,3,-2}
12    1285    {-1,2,3,-1,3,3,-2,-2,-2,3,3,3,-2}
12    1286    {-1,2,-3,4,-1,4,4,-3,4,-2,4,4,3,-2}
12    1287    {-1,2,-3,4,5,6,-1,-3,-5,6,-2,-4,5,4,3,-2}
12    1288    {-1,-1,-1,2,2,2,-1,-1,-1,2,2,2}
12    1289    {-1,2,2,-3,4,-1,-1,-2,-2,-3,2,4}
12    1290    {-1,2,-1,2,3,3,-4,2,2,3,-4,-4}
12    1291    {-1,2,-1,2,-3,-3,4,-2,-2,-3,4,4}
12    1292    {-1,2,3,-4,-1,3,3,-4,2,-3,2,-4}
12    1293    {-1,2,-1,2,3,-4,-3,4,-3,-4,-2,-4,-2,-3}
12    1294    {-1,2,-1,2,3,4,3,4,3,4,-2,4,-2,-3}
12    1295    {-1,2,3,-1,3,2,-3,4,-3,-3,-3,4}
12    1296    {-1,2,-1,2,3,-4,2,2,3,3,3,-4}
12    1297    {-1,2,-1,2,-3,4,-2,-2,-3,-3,-3,4}
12    1298    {-1,2,3,-4,-1,3,-4,2,-3,2,-4,-4}
12    1299    {-1,2,3,-1,-2,3,2,4,5,-3,-4,5,-4}
12    1300    {-1,2,-1,2,3,4,-5,-3,4,2,-5,2,3}
12    1301    {-1,2,-1,2,-3,-4,5,3,-4,-2,5,-2,-3}
12    1302    {-1,2,-1,2,-3,-3,2,2,3,-4,3,-4}
12    1303    {-1,2,-1,2,3,3,2,2,-3,4,-3,4}
12    1304    {-1,2,-1,2,3,3,2,2,3,-4,3,-4}
12    1305    {-1,2,-1,2,-3,4,4,-3,2,2,3,-4,3,-4}
12    1306    {-1,2,-1,2,3,3,4,-5,-2,-2,-3,4,-5}
12    1307    {-1,2,-1,2,-3,-3,-4,5,2,2,3,-4,5}
12    1308    {1,-2,3,-1,3,2,2,-1,2,-3,-2,1,-2}
12    1309    {-1,2,3,-1,3,4,2,4,-3,4,-3,4}
12    1310    {-1,2,3,-1,3,-4,2,-4,3,-4,3,-4}
12    1311    {-1,2,-1,2,-3,4,-3,4,3,-2,-2,-3,4,4}
12    1312    {1,-2,3,3,2,-1,2,-3,-1,-2,1,-2,-2}
12    1313    {-1,2,3,-4,-1,-2,3,4,-3,2,-3,4}
12    1314    {-1,2,-1,2,-3,4,-3,-3,4,-3,4,2,2,3}
12    1315    {-1,2,-1,2,-3,-3,2,2,3,4,-3,-3,4,4}
12    1316    {-1,2,2,3,-1,-1,-2,3,-4,-2,3,-4}
12    1317    {-1,2,-1,2,-3,4,-3,4,-3,4,2,4,2,3}
12    1318    {-1,2,-1,2,-3,-3,2,2,3,4,-3,-3,-3,4}
12    1319    {-1,2,-3,-1,2,-3,2,-4,3,3,3,-4}
12    1320    {-1,2,3,-1,3,4,2,-3,4,-3,-3,4}
12    1321    {-1,2,3,-1,3,-4,2,3,-4,3,3,-4}
12    1322    {-1,2,-1,2,3,3,-4,-2,-4,-2,3,3,-4,-3}
12    1323    {-1,2,-1,2,3,-4,3,-4,3,-2,-2,3}
12    1324    {-1,2,-1,2,-3,4,-3,4,-3,-2,-2,-3}
12    1325    {-1,2,-1,2,3,-4,3,-4,3,2,2,3}
12    1326    {-1,2,-1,2,3,-4,-4,3,-4,-2,-2,3}
12    1327    {-1,2,-1,2,-3,4,4,-3,4,-2,-2,-3}
12    1328    {-1,2,-1,2,3,-4,-4,3,-4,2,2,3}
12    1329    {-1,2,3,-1,-2,-2,-2,3,2,4,-3,4}
12    1330    {-1,2,3,-1,-2,3,2,4,-3,4,4,4}
12    1331    {-1,2,-1,2,3,-4,2,2,3,-4,-4,-4}
12    1332    {-1,2,-1,2,-3,4,-2,-2,-3,4,4,4}
12    1333    {-1,2,3,-1,-2,3,2,4,4,-3,4,-3}
12    1334    {-1,2,3,-1,-2,3,2,4,5,-3,-4,5,4}
12    1335    {-1,2,-1,2,3,-4,-5,2,2,3,4,-5,-4}
12    1336    {-1,2,-1,2,-3,4,5,-2,-2,-3,-4,5,4}
12    1337    {-1,2,-3,-4,5,-1,2,-3,-4,2,3,-4,5}
12    1338    {-1,2,-1,2,-3,-4,5,-3,2,2,3,4,-3,4,5}
12    1339    {-1,2,-1,2,-3,-4,5,-3,-2,-2,3,-4,-3,4,5}
12    1340    {-1,2,-1,2,-3,-4,-4,-3,-2,-2,3,-4,3,4}
12    1341    {-1,2,-1,2,-3,4,3,3,-2,-2,-3,4,3,3}
12    1342    {1,-2,3,3,2,-1,2,2,2,-3,-1,-2,1}
12    1343    {-1,2,2,-3,4,-1,-1,-2,-2,-2,-3,4}
12    1344    {-1,-2,-2,3,-4,-1,-1,2,2,2,3,-4}
12    1345    {-1,2,-1,2,3,-4,-4,3,-2,-2,3,-4,-3,4}
12    1346    {-1,2,-1,2,-3,-4,-4,-3,-2,-2,-3,4,-3,-4}
12    1347    {-1,-2,-2,-3,4,-1,-1,-2,-2,-2,-3,4}
12    1348    {-1,2,2,3,-4,-1,-1,2,2,2,3,-4}
12    1349    {-1,2,-1,2,3,-4,-4,3,2,2,3,-4,-3,4}
12    1350    {-1,2,-1,2,-3,4,4,-3,-3,-3,4,2,2,3}
12    1351    {-1,2,2,3,-4,-1,-1,-2,-2,-2,3,-4}
12    1352    {-1,2,-1,2,3,4,4,3,3,3,4,-2,-2,-3}
12    1353    {-1,2,-1,-2,3,-4,-2,-4,3,-2,3,4,-2,3}
12    1354    {-1,-2,-2,-3,4,-1,-1,2,2,2,-3,4}
12    1355    {-1,-2,-2,3,-4,-1,-1,-2,-2,-2,3,-4}
12    1356    {-1,-2,-2,3,-4,-1,-1,-2,-2,3,-2,-4}
12    1357    {-1,-2,-2,-3,4,-1,-1,2,2,-3,2,4}
12    1358    {-1,2,2,3,-4,-1,-1,-2,-2,3,-2,-4}
12    1359    {-1,-2,-2,-3,4,-1,4,-1,-3,2,2,3,4,-2}
12    1360    {-1,-2,-2,3,-4,-1,-4,-1,3,-2,-2,-3,-4,2}
12    1361    {-1,2,-3,-4,-1,2,-4,-3,2,3,-4,3}
12    1362    {-1,-1,-1,-2,-2,1,-2,-3,-2,-2,-1,-3,-3}
12    1363    {1,1,1,2,2,-1,2,-3,-2,-2,1,-3,-3}
12    1364    {-1,-1,-1,-2,-2,1,-2,-3,2,2,-1,-3,-3}
12    1365    {-1,2,-1,-2,-3,-4,-3,-4,-3,-4,-2,-4,-2,3}
12    1366    {-1,2,-1,-2,-3,4,3,-4,3,4,-2,4,-2,3}
12    1367    {-1,2,-1,-2,-3,4,-3,4,-3,-4,-2,-4,-2,3}
12    1368    {1,2,2,-1,-1,-1,2,-3,2,2,1,3,3}
12    1369    {-1,2,2,1,1,1,2,-3,2,2,-1,3,3}
12    1370    {-1,2,-1,-2,-3,-3,4,-2,4,-2,3,3,4,-3}
12    1371    {-1,2,2,3,1,3,4,1,-2,-2,-3,2,4,4}
12    1372    {-1,2,-3,-3,2,2,1,1,2,-3,-2,1,-2}
12    1373    {-1,-2,-2,-3,-4,3,-1,3,-1,3,2,-4,3,3}
12    1374    {-1,2,2,-3,-1,-3,-4,-1,2,2,3,-2,-4,-4}
12    1375    {-1,-2,-2,3,-1,3,4,-1,-2,-2,-3,2,4,4}
12    1376    {1,1,2,2,3,3,-2,-2,1,1,2,-3,2,2,1}
12    1377    {1,-2,3,3,2,2,1,1,1,2,-3,-2,1}
12    1378    {1,2,2,1,1,1,-2,-3,2,2,1,-3,-3}
12    1379    {-1,-2,-2,-1,-1,-1,2,-3,-2,-2,-1,-3,-3}
12    1380    {1,-2,-2,1,1,1,2,-3,-2,-2,1,-3,-3}
12    1381    {-1,-2,-2,-3,-1,-3,-4,-1,2,2,3,-2,-4,-4}
12    1382    {-1,2,-1,-2,-3,-3,-2,-2,3,4,-3,-3,-3,4}
12    1383    {-1,2,-1,-2,-3,-3,4,-2,4,-2,-3,-3,4,3}
12    1384    {-1,2,-1,-2,-3,-3,-4,-2,-4,-2,-3,-3,-4,3}
12    1385    {-1,2,-3,-1,-3,2,-3,-4,3,3,3,-4}
12    1386    {-1,-2,-2,3,-4,-1,-1,-2,3,-2,3,-4}
12    1387    {-1,-2,-2,-3,4,-1,-1,2,-3,2,-3,4}
12    1388    {-1,-2,-2,-3,-4,-1,-4,-1,-3,-2,-2,3,-4,3,-2,4}
12    1389    {-1,-2,-2,3,4,-1,4,-1,3,2,2,-3,4,-3,2,-4}
12    1390    {-1,2,2,-1,-1,-2,3,-4,3,-2,-2,-3,-4,-4,-3,4}
12    1391    {1,2,2,2,2,3,1,3,1,-2,1,-2,-3}
12    1392    {1,1,1,2,2,1,-2,-3,2,2,1,-3,-3}
12    1393    {-1,-1,-1,-2,-2,-1,2,-3,-2,-2,-1,-3,-3}
12    1394    {1,1,1,-2,-2,1,2,-3,-2,-2,1,-3,-3}
12    1395    {1,-2,-2,-3,-3,2,1,-2,-2,-2,-2,-2,-3}
12    1396    {-1,2,3,-2,3,2,-4,3,1,3,1,3,2,-4}
12    1397    {-1,2,2,3,4,-3,-1,4,3,-1,2,2,3,-2}
12    1398    {-1,-2,-2,-3,-4,3,-1,-4,-3,-1,-2,-2,-3,2}
12    1399    {-1,-2,-2,3,4,-3,-1,4,3,-1,-2,-2,3,2}
12    1400    {-1,-2,-2,3,-4,-1,-1,2,3,-2,-2,-2,3,-4}
12    1401    {-1,2,-1,2,-1,-2,1,-2,-2,-2,-2,-2}
12    1402    {-1,-1,-1,-2,-2,1,1,-2,-2,-2,-2,-2}
12    1403    {1,1,1,2,2,1,2,-3,-2,-2,1,-3,-3}
12    1404    {-1,2,-1,-2,-2,-2,-3,-3,-2,-2,3,3,3}
12    1405    {-1,2,-1,-2,-2,-2,3,3,-2,-2,-3,-3,-3}
12    1406    {-1,-2,-2,3,4,-3,-1,4,3,-1,2,2,3,2}
12    1407    {1,-2,3,1,3,1,-2,1,-2,-3,1,-2,1}
12    1408    {1,1,-2,-2,-3,1,2,2,3,3,2,1,-2}
12    1409    {-1,-2,1,1,-2,-3,2,-1,-2,-2,-3,-3,2}
12    1410    {-1,2,-1,2,-3,-3,-2,-2,3,4,3,3,4,4}
12    1411    {-1,2,-1,2,-3,-3,-2,-2,3,-4,-3,-3,-4,-4}
12    1412    {-1,2,-1,2,-3,-3,-2,-2,3,4,4,-3,-3,4}
12    1413    {-1,2,-3,-1,2,-3,2,-4,-3,-3,-3,-4}
12    1414    {-1,2,-3,-1,2,-3,2,4,3,3,3,4}
12    1415    {-1,2,-1,2,-3,-3,4,-2,4,-2,3,3,4,3}
12    1416    {-1,2,-1,2,-3,-3,-4,-2,-4,-2,-3,-3,-4,3}
12    1417    {-1,2,-3,-1,-3,-4,2,3,-4,3,3,-4}
12    1418    {-1,-2,-2,3,-1,3,-1,3,-4,2,3,-2,3,-4}
12    1419    {-1,2,2,3,-4,-1,-1,2,2,-3,-3,-2,-4,-4}
12    1420    {-1,-2,-2,-3,4,-1,-1,-2,-2,3,3,2,4,4}
12    1421    {-1,2,2,1,1,2,2,3,3,-2,1,2,2,2,-3}
12    1422    {-1,-1,-2,-2,-3,1,-3,1,2,-3,-1,-3,-3}
12    1423    {1,1,2,2,1,1,-2,-3,2,2,1,-3,-3}
12    1424    {-1,-1,-2,-2,-1,-1,2,-3,-2,-2,-1,-3,-3}
12    1425    {1,1,-2,-2,1,1,2,-3,-2,-2,1,-3,-3}
12    1426    {-1,-2,-2,3,-4,-1,-1,2,2,-3,-3,-2,-4,-4}
12    1427    {-1,-2,-2,3,4,-1,-1,2,-3,2,-3,4,-3,-3}
12    1428    {-1,-2,-2,-3,-4,-1,-1,-2,3,-2,3,-4,3,3}
12    1429    {-1,2,2,3,4,-1,-1,2,-3,2,-3,4,-3,-3}
12    1430    {-1,2,3,-4,-1,3,-4,-2,-2,-2,3,2}
12    1431    {-1,2,3,-4,-1,-2,-4,-2,-2,3,2,-4}
12    1432    {-1,2,3,-1,-2,-2,-2,3,-2,-4,3,-4}
12    1433    {-1,-2,-3,2,-3,-2,-4,1,1,-2,3,-2,3,-4}
12    1434    {-1,2,-1,2,-3,-3,-4,3,-2,-3,-3,-2,-4,3}
12    1435    {1,-2,3,1,3,-2,-2,1,1,-2,-3,-2,1}
12    1436    {-1,-2,-2,-3,2,-1,-2,-2,-2,-2,-3,-3,2}
12    1437    {-1,2,-1,-2,-3,-3,-4,3,-2,-3,-3,-2,-4,3}
12    1438    {-1,-2,-2,-1,-1,-2,3,-4,-2,3,-4,3}
12    1439    {-1,-2,-2,-1,-1,2,-3,4,2,-3,4,-3}
12    1440    {-1,2,2,-1,-1,-2,3,-4,-2,3,-4,3}
12    1441    {1,2,1,2,-3,2,2,3,1,3,2,1,2}
12    1442    {1,-2,-1,2,-3,2,2,3,-1,3,2,-1,-2}
12    1443    {-1,-2,-2,1,-2,-3,2,2,-3,-3,-2,-2,-1}
12    1444    {-1,2,3,-4,-1,2,3,2,3,-4,3,2}
12    1445    {-1,2,-3,-4,-1,-2,-2,3,-4,-2,-3,2}
12    1446    {-1,2,2,-1,-1,-2,3,-2,3,4,3,-2,3,-4}
12    1447    {1,2,-1,2,-3,2,2,3,-1,3,2,1,-2}
12    1448    {-1,2,-3,-4,-1,3,-4,-3,4,2,4,-3}
12    1449    {-1,2,2,-1,-1,-2,3,-4,-2,3,-2,-4}
12    1450    {-1,-2,-2,-1,-1,2,-3,4,2,-3,2,4}
12    1451    {-1,-2,-2,-1,-1,-2,3,-4,-2,-4,3,-4}
12    1452    {-1,-2,-2,-1,-1,2,-3,4,2,4,-3,4}
12    1453    {-1,2,2,-1,-1,-2,3,-4,-2,-4,3,-4}
12    1454    {-1,-2,-2,-2,-2,1,-2,-3,-2,-2,-1,-3,-3}
12    1455    {1,2,2,2,2,-1,2,-3,-2,-2,1,-3,-3}
12    1456    {-1,-2,-2,-2,-2,1,-2,-3,2,2,-1,-3,-3}
12    1457    {-1,-2,-2,-1,-1,-2,3,-2,-3,-3,-4,3,-4,-3}
12    1458    {-1,-2,-2,-1,-1,2,-3,2,3,3,4,-3,4,3}
12    1459    {-1,2,2,-1,-1,-2,3,-2,-3,-3,-4,3,-4,-3}
12    1460    {-1,-2,-2,-1,-1,-2,3,-4,-2,3,-2,-4}
12    1461    {-1,2,2,-1,-1,-2,-3,4,-3,2,-3,4,-3,4}
12    1462    {-1,2,2,-1,-1,-2,3,-4,2,3,2,-4,3,-4}
12    1463    {-1,-2,-2,-1,-1,2,-3,4,-2,-3,-2,4,-3,4}
12    1464    {-1,-2,-2,-1,-1,2,-3,2,-3,-4,3,-2,3,-4}
12    1465    {-1,2,-1,-2,-3,-4,-4,-3,-2,-2,-3,-3,4,-3}
12    1466    {-1,2,2,1,1,2,-3,4,-3,-2,-3,-2,4,-3}
12    1467    {-1,2,-1,-2,3,-4,-3,4,-3,4,-2,-2,-3,-3,4,-3}
12    1468    {-1,2,-3,-1,-3,2,2,-1,2,-3,-2,1,2}
12    1469    {1,-2,3,1,3,-2,1,1,-2,-2,-3,-2,1}
12    1470    {-1,2,3,-4,-1,2,-4,3,2,3,-4,3}
12    1471    {-1,2,-3,-4,-1,-2,-4,-2,3,-4,-2,-3}
12    1472    {-1,2,2,-3,-1,-3,4,-1,2,-3,2,4,4,3}
12    1473    {1,1,-2,-3,1,2,2,3,1,3,1,-2,1}
12    1474    {1,2,2,2,2,1,-2,-3,2,2,1,-3,-3}
12    1475    {-1,-2,-2,-2,-2,-1,2,-3,-2,-2,-1,-3,-3}
12    1476    {1,2,2,3,1,3,1,1,-2,1,-2,-2,-3}
12    1477    {1,2,2,3,1,3,1,-2,1,-2,-2,-2,-3}
12    1478    {-1,2,1,-2,1,1,1,2,-1,2,2,2}
12    1479    {-1,-1,-1,-2,-2,-2,-2,1,1,-2,-2,-2}
12    1480    {1,2,2,2,2,1,2,-3,-2,-2,1,-3,-3}
12    1481    {1,1,1,2,3,-1,3,-1,2,-3,2,1,-2}
12    1482    {1,1,1,-2,3,1,3,1,2,-3,2,-1,2}
12    1483    {-1,-2,-2,-1,-1,2,3,4,2,2,2,-3,4,3}
12    1484    {-1,-2,-2,-1,-1,2,3,4,-2,-2,-2,-3,4,3}
12    1485    {-1,2,2,3,4,-3,1,4,1,-2,3,-2,-2,3}
12    1486    {-1,2,-3,-4,-1,3,3,3,-4,2,-3,2}
12    1487    {-1,2,-1,-2,-3,-3,-2,-2,-2,-2,3,3,3}
12    1488    {-1,2,3,4,-2,-3,4,3,2,-3,1,-4,1,2}
12    1489    {-1,2,3,-1,-2,-3,-3,4,-2,-2,-3,-3,-3,4}
12    1490    {-1,2,2,3,-1,3,-1,2,-3,4,2,-3,4,3}
12    1491    {-1,-2,-2,-3,-1,-3,-1,-2,3,-4,-2,3,-4,-3}
12    1492    {-1,-2,-2,3,-4,3,-1,4,-1,2,-3,-4,-4,-3}
12    1493    {-1,2,2,-1,-1,-2,-3,4,-3,2,-3,-3,4,-3}
12    1494    {-1,2,2,3,-1,3,-4,-1,2,3,2,-4,3,-2}
12    1495    {-1,-2,-2,-3,-1,-3,4,-1,-2,-3,-2,4,-3,2}
12    1496    {1,2,3,3,2,-1,-1,-1,2,-3,2,2,1}
12    1497    {-1,2,3,3,2,1,1,1,2,-3,2,2,-1}
12    1498    {-1,-2,-2,3,-1,3,4,-1,2,-3,2,4,3,2}
12    1499    {-1,2,-3,-1,2,-3,-4,3,-2,-2,-2,3,2,4}
12    1500    {1,2,3,3,2,2,-1,-1,-1,2,-3,2,1}
12    1501    {-1,2,3,3,2,2,1,1,1,2,-3,2,-1}
12    1502    {-1,-2,-2,-1,-1,2,3,4,2,-3,2,4,2,3}
12    1503    {-1,2,2,3,1,3,1,-2,3,4,-3,4,-2,3}
12    1504    {-1,2,2,-1,-1,-2,3,4,2,2,2,-3,4,3}
12    1505    {-1,-2,-2,-1,-1,2,-3,-4,-2,-2,-2,3,-4,-3}
12    1506    {-1,2,-3,-4,-1,-1,2,3,3,3,-4,-3}
12    1507    {-1,2,2,3,-1,-1,-2,3,3,-2,4,-3,2,4}
12    1508    {-1,2,3,-1,3,3,4,2,3,3,3,4}
12    1509    {-1,2,-3,-1,-3,-3,-4,2,3,3,3,-4}
12    1510    {-1,-2,-2,-3,-1,-3,-4,-1,-2,3,-2,-4,3,2}
12    1511    {-1,2,2,-3,-1,-1,2,-3,-3,2,-4,3,-2,-4}
12    1512    {-1,2,-3,-1,-3,-3,4,2,3,3,3,4}
12    1513    {-1,2,2,-3,-1,-1,2,3,-4,-2,-2,3,-2,-4}
12    1514    {-1,2,2,-1,-1,-2,-3,4,-3,-3,2,-3,4,-3}
12    1515    {-1,2,2,-1,-1,-2,3,-4,3,2,3,2,-4,3}
12    1516    {-1,-2,-2,-1,-1,2,-3,4,-3,-2,-3,-2,4,-3}
12    1517    {-1,2,-3,-1,-3,-3,-4,2,-3,-3,-3,-4}
12    1518    {-1,2,3,-1,3,-4,5,2,-3,4,-3,4,5}
12    1519    {-1,2,-3,-1,-3,-4,2,-4,3,-4,3,-4}
12    1520    {-1,2,-1,2,-3,-4,3,-4,3,-4,-2,-4,-2,3}
12    1521    {-1,2,1,-2,1,2,-1,2,2,2,2,2}
12    1522    {-1,2,2,-1,-1,-2,-2,-2,-2,-2,-2,-2}
12    1523    {-1,-2,-2,-1,-1,2,2,2,2,2,2,2}
12    1524    {1,2,3,-1,3,-1,2,-3,2,2,2,1,-2}
12    1525    {-1,2,2,-3,-3,-2,-2,-2,-2,-2,-1,2,-3}
12    1526    {1,-2,-2,-3,-3,2,2,2,2,2,1,-2,-3}
12    1527    {1,2,3,-1,3,-1,2,2,2,-3,2,1,-2}
12    1528    {-1,-1,-1,2,2,-3,-3,-2,-2,-2,-1,2,-3}
12    1529    {1,1,1,-2,-2,-3,-3,2,2,2,1,-2,-3}
12    1530    {-1,-2,-2,-1,-1,-2,-2,-2,-2,-2,-2,-2}
12    1531    {-1,-2,-2,-3,-3,-2,-2,-2,-2,-2,-1,2,-3}
12    1532    {-1,-1,-1,-2,-2,-3,-3,-2,-2,-2,-1,2,-3}
12    1533    {-1,2,3,4,2,-3,4,3,2,3,1,3,1,2}
12    1534    {-1,2,-3,4,-2,-3,4,3,-2,-3,1,-3,1,2}
12    1535    {-1,2,2,3,-1,-1,-2,-3,-4,-3,-4,-3,-2,3,-2,4}
12    1536    {-1,2,3,4,-3,4,3,-4,-2,-4,1,3,1,2}
12    1537    {-1,2,2,-1,-1,-2,-2,-2,-3,-4,2,3,-4,-3}
12    1538    {-1,-2,-2,-1,-1,2,2,2,3,4,-2,-3,4,3}
12    1539    {-1,-2,-2,-1,-1,-2,-2,-2,-3,-4,2,3,-4,-3}
12    1540    {-1,2,3,4,-1,-3,-3,-3,4,2,-3,2,3,3}
12    1541    {-1,2,2,2,-3,-1,2,-3,-2,-2,-3,-3,-2}
12    1542    {-1,-2,-2,-3,-1,-1,2,2,-3,-3,-2,-1,2}
12    1543    {-1,2,2,3,-1,-1,-2,-2,-3,-3,-4,2,3,-4}
12    1544    {-1,-2,-2,-3,-1,-1,2,2,3,3,4,-2,-3,4}
12    1545    {1,2,2,-3,1,1,-2,-2,-3,-3,2,1,-2}
12    1546    {-1,-2,-2,3,-4,-1,-1,-2,3,2,4,3,3,4}
12    1547    {1,2,2,2,3,3,-2,1,2,2,2,-3,-1,2,1}
12    1548    {-1,2,3,4,-2,-2,-2,3,4,3,2,-3,1,-4,1,2}
12    1549    {-1,2,3,-1,3,3,-4,2,3,3,3,-4}
12    1550    {-1,2,-1,-2,-3,-3,2,-3,-4,2,3,3,3,-4}
12    1551    {-1,2,2,3,-4,-1,-1,-2,3,-2,-4,3,-4,-3}
12    1552    {-1,-2,-2,-3,4,-1,-1,2,-3,2,4,-3,4,3}
12    1553    {-1,2,-3,-4,-1,3,3,3,-4,-2,3,-2,3,3}
12    1554    {-1,2,2,3,-1,3,-1,-2,3,-4,-2,3,-4,-3}
12    1555    {-1,-2,-2,-3,-1,-3,-1,2,-3,4,2,-3,4,3}
12    1556    {-1,2,-1,2,-3,-4,5,-3,-2,-2,3,4,-3,4,5}
12    1557    {-1,2,-1,2,3,4,4,3,-2,-2,-3,4,-3,-4}
12    1558    {-1,2,-1,2,3,-4,-3,-3,-2,-2,3,-4,-3,-3}
12    1559    {-1,2,3,-1,-2,-2,3,-2,3,-4,3,-4}
12    1560    {-1,2,3,-1,-2,-2,3,-4,-2,3,-4,-4}
12    1561    {-1,2,-1,2,3,-4,-2,-2,-2,-2,3,-4}
12    1562    {-1,2,-3,2,1,1,2,3,-4,3,-2,-4,-3,4}
12    1563    {-1,2,-3,4,-1,2,4,3,-2,3,4,-3}
12    1564    {-1,-2,-2,1,-2,-2,-3,-1,-3,-2,1,-2,-3}
12    1565    {1,2,-3,-3,-2,1,-2,-3,-1,2,2,2,1}
12    1566    {-1,2,-1,-2,3,-4,-2,-4,3,3,-2,4,3,4}
12    1567    {-1,2,-1,2,-3,-3,4,2,-3,2,-3,2,4,3}
12    1568    {-1,2,3,4,-1,2,-3,2,-3,4,3,2}
12    1569    {-1,2,-1,2,-3,-4,2,-4,3,3,2,-4,3,-4}
12    1570    {-1,2,-3,-4,-1,-2,3,-2,3,-4,-3,2}
12    1571    {-1,2,3,-4,-1,2,3,2,-4,3,2,-4}
12    1572    {1,-2,-2,1,-2,-2,3,1,3,-2,1,-2,-3}
12    1573    {-1,2,3,-1,-2,3,4,3,-2,3,2,4}
12    1574    {-1,2,-3,-1,2,-3,4,3,-2,3,2,4}
12    1575    {-1,2,-3,-1,2,-3,-4,-3,2,-3,2,-4}
12    1576    {-1,2,-1,-2,-3,-3,4,-2,4,-2,3,3,-4,3}
12    1577    {-1,2,-1,-2,-3,-3,-4,-2,-4,-2,-3,-3,4,-3}
12    1578    {1,-2,-2,1,1,1,2,-3,2,2,1,3,3}
12    1579    {-1,-2,-2,-1,-1,-1,2,-3,2,2,-1,3,3}
12    1580    {1,2,2,1,1,1,2,-3,2,2,1,3,3}
12    1581    {1,-2,-3,-1,-3,-2,1,-2,-3,-1,-2,1,-2}
12    1582    {-1,2,-1,2,3,-4,2,2,2,2,3,-4}
12    1583    {-1,2,-3,4,-1,-3,4,-2,-2,-2,-3,2}
12    1584    {-1,2,3,-4,-1,3,-4,2,2,2,3,2}
12    1585    {-1,2,-1,2,-3,4,-5,2,3,-2,3,2,4,3,-5}
12    1586    {-1,2,3,-4,-1,-2,3,-2,3,-4,3,2}
12    1587    {-1,2,-1,2,3,4,2,4,3,-2,3,-4,2,3}
12    1588    {-1,2,-3,4,-1,-2,4,-2,-2,-3,2,4}
12    1589    {-1,2,3,-4,-1,2,-4,2,2,3,2,-4}
12    1590    {-1,2,-1,2,-3,4,2,4,3,-2,3,-4,2,-3}
12    1591    {-1,2,-1,-2,3,3,-2,-2,-3,-3,-3,-3,-3}
12    1592    {-1,-1,-1,-2,-2,-1,2,-3,2,2,-1,3,3}
12    1593    {-1,2,-1,-2,-3,-3,-2,-2,-3,-3,-3,-3,-3}
12    1594    {-1,2,-1,-2,3,3,-2,-2,-3,-3,-3,-4,3,-4}
12    1595    {-1,2,2,-3,-4,3,1,-4,-3,1,-2,-2,-3,2}
12    1596    {-1,2,-1,-2,-3,-3,-2,-2,-3,-3,-3,-4,3,-4}
12    1597    {-1,2,-1,-2,-3,-3,-2,-2,3,3,3,3,3}
12    1598    {-1,2,-1,-2,-3,-3,-2,-2,3,3,3,4,-3,4}
12    1599    {-1,2,-3,4,-2,-3,4,3,-2,-3,1,4,1,2}
12    1600    {-1,2,-3,4,-1,-3,4,2,-3,2,3,3}
12    1601    {-1,-2,3,3,-2,1,1,2,-3,-4,2,3,-4,-3}
12    1602    {1,-2,3,1,3,-2,1,-2,-3,1,-2,1,-2}
12    1603    {1,-2,3,3,2,-1,2,-3,-1,-1,-1,-2,1}
12    1604    {-1,2,-1,-2,3,-2,-2,3,-2,-2,-3,-3,-3}
12    1605    {1,-2,-2,-2,3,3,-2,1,-2,-3,1,-2,1}
12    1606    {-1,-2,-3,1,-3,2,2,-1,2,-3,-2,-1,2}
12    1607    {1,-2,3,3,-2,1,-2,-3,1,1,1,-2,1}
12    1608    {1,-2,-3,1,-3,2,2,-1,2,-3,-2,1,-2}
12    1609    {1,-2,-3,-1,-3,-2,1,-2,-3,-1,2,-1,-2}
12    1610    {-1,2,-3,-1,-3,4,2,3,-2,-4,3,4}
12    1611    {1,-2,-3,1,-3,2,-1,2,-3,1,2,-1,2}
12    1612    {-1,-2,3,3,-2,1,1,-2,3,4,-2,-3,4,3}
12    1613    {-1,2,-3,1,-3,2,-1,2,-3,-1,2,-1,2}
12    1614    {1,2,2,3,1,3,1,-2,-2,1,-2,-3,1}
12    1615    {1,1,1,2,2,3,1,3,-2,1,-2,-2,-3}
12    1616    {-1,-2,-3,-1,-3,-2,-2,1,-2,-3,-2,-1,-2}
12    1617    {-1,-2,-2,-3,-1,-1,2,-1,-2,-2,-3,-3,2}
12    1618    {-1,2,3,3,-2,1,-2,-2,-2,-3,-1,2,-1}
12    1619    {-1,-2,-2,-1,-1,-2,-3,2,-3,4,3,-2,3,4}
12    1620    {-1,2,-1,-2,3,-4,-3,-3,-2,-2,3,-4,-3,-3}
12    1621    {-1,2,-1,-2,3,4,4,3,-2,-2,-3,4,-3,-4}
12    1622    {-1,2,2,1,1,2,-3,2,-3,-4,3,-2,3,-4}
12    1623    {1,2,-3,-3,-2,1,-2,-2,-2,-3,-1,2,1}
12    1624    {-1,2,-3,4,-1,-3,-1,2,3,-2,-4,-2,3,-4}
12    1625    {-1,-2,3,3,-2,3,-4,1,1,2,-3,2,3,-4}
12    1626    {-1,2,-1,-2,-3,-3,-3,-3,-2,-2,-3,-3,-3}
12    1627    {-1,-2,-2,-2,-2,-1,2,-3,2,2,-1,3,3}
12    1628    {-1,2,-1,-2,3,3,3,3,-2,-2,-3,-3,-3}
12    1629    {-1,2,-1,-2,-3,-4,3,-4,-3,-2,-2,-3,-3,-3}
12    1630    {-1,2,2,1,1,2,-3,-4,-2,-2,-2,3,-4,-3}
12    1631    {-1,2,-1,-2,3,4,-3,4,3,-2,-2,-3,-3,-3}
12    1632    {-1,-1,-1,-2,-2,-2,-2,-1,-1,2,2,2}
12    1633    {-1,-1,-1,2,2,2,2,-1,-1,-2,-2,-2}
12    1634    {1,2,2,2,2,1,-2,-3,-2,-2,1,-3,-3}
12    1635    {-1,2,-1,-2,-3,-3,-3,-3,-2,-2,3,3,3}
12    1636    {-1,2,3,-1,-2,3,2,4,2,2,-3,4}
12    1637    {-1,2,-3,-1,2,-3,-2,-4,-2,-2,3,-4}
12    1638    {-1,2,-3,-1,2,-3,-2,4,-2,-2,-3,4}
12    1639    {-1,2,-3,-1,2,-3,2,-4,2,2,3,-4}
12    1640    {-1,2,3,-4,-1,3,-4,-2,3,-2,3,3}
12    1641    {-1,2,-3,4,-1,-3,4,-2,3,-2,-3,-3}
12    1642    {-1,2,3,-4,-1,3,-4,2,-3,2,-3,-3}
12    1643    {-1,-2,3,-4,-2,-3,-1,2,-3,2,-4,3}
12    1644    {-1,2,3,4,-1,-2,-3,4,-3,2,-3,4}
12    1645    {-1,2,-3,2,-3,2,-4,1,1,2,-3,2,3,-4}
12    1646    {1,-2,3,1,3,-2,1,-2,-3,1,2,-1,2}
12    1647    {-1,2,-3,-4,5,-1,-2,3,4,-2,3,3,-4,-4,5}
12    1648    {-1,2,-3,4,-1,2,3,-4,3,-2,3,4}
12    1649    {-1,2,3,2,3,2,-4,1,1,2,-3,2,3,-4}
12    1650    {-1,2,3,3,-2,1,-2,-1,2,2,-3,2,-1}
12    1651    {-1,2,-3,4,-1,2,-3,-2,4,-2,-3,-3}
12    1652    {-1,2,3,-1,-2,3,-4,3,-2,3,-2,3,3,4}
12    1653    {-1,2,3,-1,-2,3,-4,-3,2,-3,2,-3,-3,4}
12    1654    {-1,2,-3,-3,-2,-2,-3,-1,-3,2,-3,-2,-2}
12    1655    {-1,2,3,-2,3,2,-4,1,1,-2,-2,3,-2,-4}
12    1656    {1,1,1,2,2,3,1,3,1,-2,1,-2,-3}
12    1657    {1,2,2,3,1,3,1,-2,-2,-2,1,-2,-3}
12    1658    {1,-2,-2,1,2,-3,2,2,1,3,3,-2,-2}
12    1659    {-1,2,3,-1,3,-2,-2,1,-2,-3,-2,1,-2}
12    1660    {1,1,1,2,2,3,-1,3,-1,2,-1,2,-3}
12    1661    {1,2,2,3,-1,3,2,2,1,1,-2,-3,1}
12    1662    {-1,2,-1,-2,-3,-3,-2,-2,-3,-3,-2,-2,-3}
12    1663    {-1,2,-1,-2,-3,2,-3,-2,-2,-2,-3,2,-3}
12    1664    {-1,2,-1,-2,-3,-3,2,2,-3,-3,2,2,-3}
12    1665    {-1,2,-3,1,-3,2,2,-1,2,-3,2,-1,2}
12    1666    {-1,2,2,3,-1,3,-1,-2,-2,-2,-1,2,-3}
12    1667    {1,-2,1,2,-3,2,2,3,-1,3,2,-1,2}
12    1668    {-1,-1,-2,-2,-3,-1,2,2,3,3,2,-1,2}
12    1669    {-1,2,-3,-4,-1,-2,-4,3,-2,3,-4,-3}
12    1670    {-1,2,2,-3,1,-3,1,-2,3,4,-2,-3,4,3}
12    1671    {-1,2,-3,-4,-1,-1,-2,3,-2,-4,-3,4}
12    1672    {-1,2,2,3,1,3,1,2,-3,-4,2,3,-4,3}
12    1673    {-1,2,-3,-1,-3,2,2,1,1,-2,-3,2,-1}
12    1674    {1,2,2,-3,1,1,2,2,3,3,2,1,2}
12    1675    {-1,-2,3,-4,-2,3,-4,-1,-1,-2,-2,-2}
12    1676    {-1,-2,3,-4,-2,3,-4,-1,-1,2,2,2}
12    1677    {-1,2,-3,4,2,-3,4,-1,-1,-2,-2,-2}
12    1678    {-1,2,3,-1,3,2,2,-1,2,-3,-2,1,-2}
12    1679    {-1,2,3,3,-4,2,3,-1,-4,-1,2,3,3,4}
12    1680    {-1,2,3,-1,3,-4,-2,3,-4,3,2,2,-3,4}
12    1681    {-1,-2,-3,-3,-4,-2,3,1,1,-2,3,-4,3,-2}
12    1682    {-1,2,3,-4,-1,3,3,2,-3,2,-3,-4,3,-2}
12    1683    {-1,2,-3,4,2,-3,1,1,2,2,3,3,-2,4}
12    1684    {-1,2,-3,4,-1,-3,-3,-2,3,-2,3,4,-3,2}
12    1685    {-1,2,3,-4,-1,-2,-4,3,-2,3,3,-4}
12    1686    {-1,2,3,-4,-1,-2,-4,3,-2,-3,-3,-4}
12    1687    {-1,2,-3,4,-1,-2,4,3,-2,-3,-3,4}
12    1688    {-1,2,3,-4,-1,2,-4,-3,2,-3,-3,-4}
12    1689    {-1,2,-3,4,-1,2,4,-3,2,3,3,4}
12    1690    {1,1,1,2,-3,2,3,1,2,-3,2,1,3}
12    1691    {1,1,1,-2,3,3,2,-1,2,-3,-1,-2,1}
12    1692    {-1,-2,3,4,2,3,3,4,2,1,1,2,3,-4}
12    1693    {-1,2,-3,-4,-1,2,-4,-3,2,-3,-4,-3}
12    1694    {-1,2,-1,-2,-3,-3,-3,-4,-2,3,-2,-4,-3,-3}
12    1695    {-1,2,-1,-2,-3,2,-3,-2,3,-2,-3,-3,-3}
12    1696    {-1,2,-1,-2,-3,2,-3,-2,3,4,-2,-3,4,4}
12    1697    {-1,2,-1,-2,-3,-3,-2,-2,3,3,-2,-2,3}
12    1698    {-1,2,2,3,1,1,-2,3,4,-2,-2,-3,4,3}
12    1699    {-1,2,3,4,-3,4,-2,-2,3,-2,3,1,1,2}
12    1700    {1,-2,-2,-3,-3,-2,1,2,2,2,-3,-2,-2}
12    1701    {1,-2,-3,1,-3,1,2,2,-1,2,-3,-2,1}
12    1702    {-1,2,-3,4,-1,-3,2,-3,-2,3,-4,3,-2,4}
12    1703    {-1,2,-3,-1,-3,-1,2,-1,2,-3,1,2,-1}
12    1704    {1,-2,-2,-3,1,1,2,2,3,1,3,-2,1}
12    1705    {-1,2,2,1,1,2,2,2,1,1,2,2}
12    1706    {-1,2,3,-1,3,3,2,2,2,3,-2,3,3}
12    1707    {1,2,2,1,1,2,2,3,3,-2,1,-2,-3}
12    1708    {-1,2,3,-1,-1,-2,3,-4,3,-2,3,-4}
12    1709    {-1,2,3,-4,-1,2,3,3,-4,3,2,-4,-3,-3}
12    1710    {-1,2,3,4,-1,2,-3,-3,4,-3,2,4,-3,-3}
12    1711    {-1,2,-3,4,-1,-2,-3,-3,4,-3,-2,4,3,3}
12    1712    {-1,2,-1,-2,-3,2,-3,2,2,-3,2,-3,-3}
12    1713    {1,2,-3,1,-3,2,-1,2,-3,1,2,1,2}
12    1714    {-1,-2,-3,-1,-3,-2,1,-2,-3,-1,-2,-1,-2}
12    1715    {1,1,-2,-3,1,2,2,3,1,3,-2,1,-2}
12    1716    {-1,2,-1,-2,-3,-3,-3,2,-3,-3,2,-3,-3}
12    1717    {-1,-2,-3,-3,-4,-2,3,1,-4,1,-2,3,-2,-4}
12    1718    {-1,2,-3,-3,2,1,1,-2,3,4,-2,-3,4,3}
12    1719    {-1,2,-3,-3,2,1,1,-2,3,-4,-2,3,-4,3}
12    1720    {-1,-2,3,4,2,2,3,1,3,4,1,2,3,-4}
12    1721    {-1,2,-1,-2,3,4,2,4,3,-2,3,4,2,3}
12    1722    {-1,2,-3,-1,-3,2,-3,-4,2,2,3,-4}
12    1723    {-1,2,3,-4,-1,-2,3,-2,-2,3,3,-4}
12    1724    {-1,2,3,-4,-1,-2,3,-2,-2,-3,-3,-4}
12    1725    {-1,2,-1,-2,-3,-3,4,-2,4,-2,3,3,4,3}
12    1726    {1,-2,3,3,2,2,2,-1,2,-3,-1,-2,1}
12    1727    {-1,-2,-3,1,-3,2,-1,2,-3,1,-2,-1,2}
12    1728    {1,-2,3,3,-2,-2,-2,1,-2,-3,1,-2,1}
12    1729    {1,1,-2,-3,1,-2,1,2,2,3,3,2,2}
12    1730    {-1,2,3,-1,-2,3,4,3,-2,3,-2,-4,-4,-4}
12    1731    {1,2,3,-1,3,-2,1,-2,-3,-1,2,1,-2}
12    1732    {-1,2,-3,4,-1,-3,-1,2,3,-4,3,4}
12    1733    {-1,2,-3,-1,2,-3,4,-3,2,-3,-2,-4,-4,-4}
12    1734    {-1,2,-3,-4,-1,2,-4,3,-4,3,-4,-4}
12    1735    {1,-2,3,3,-2,1,-2,-2,-2,-3,1,-2,1}
12    1736    {-1,2,-1,2,-3,-3,4,-2,3,-2,3,-2,4,3}
12    1737    {-1,2,3,-4,-1,3,-2,3,-4,3,-2,3}
12    1738    {-1,2,3,-4,-1,-1,-2,3,-2,-4,3,-4}
12    1739    {-1,2,-3,-1,2,-3,-2,3,-2,-3,2,-3,-2}
12    1740    {-1,2,3,1,3,-2,1,-2,-3,1,2,-1,2}
12    1741    {-1,-2,-2,-3,-3,-2,-2,-3,-4,-1,-1,2,3,-4}
12    1742    {-1,2,-1,-2,3,-2,3,-2,-3,2,-3,-3,-3}
12    1743    {-1,2,3,-1,2,2,2,2,3,3,-2,3,-2}
12    1744    {-1,-2,-2,-1,-1,-2,3,4,2,2,2,-3,4,3}
12    1745    {-1,2,-1,-2,-3,-4,3,-4,-3,-2,-2,3,3,3}
12    1746    {-1,2,3,-4,-1,3,-1,2,3,-4,3,-4}
12    1747    {-1,2,-3,-4,-1,-1,2,-3,2,-4,-3,-4}
12    1748    {-1,2,3,-4,-1,3,-4,-2,3,2,-4,-3}
12    1749    {-1,2,3,-4,-1,-2,3,-4,3,-2,3,-4}
12    1750    {-1,2,3,4,-1,-2,-3,4,3,-2,3,-4}
12    1751    {-1,2,-3,-4,-1,2,3,-4,-3,2,-3,4}
12    1752    {1,-2,3,3,2,-1,2,-1,2,2,-3,-2,1}
12    1753    {-1,2,-1,2,-3,-3,4,-2,3,3,-2,3,4,3}
12    1754    {-1,2,2,2,-1,2,1,-2,1,2,2,2}
12    1755    {-1,2,2,2,2,-1,-1,-2,-2,-2,-2,-2}
12    1756    {-1,-2,-2,-2,-2,-1,-1,2,2,2,2,2}
12    1757    {1,2,-1,2,2,3,-1,3,2,-3,2,1,-2}
12    1758    {-1,2,2,2,2,-3,-3,-2,-2,-2,-1,2,-3}
12    1759    {1,-2,-2,-2,-2,-3,-3,2,2,2,1,-2,-3}
12    1760    {-1,-2,-2,-2,-2,-1,-1,-2,-2,-2,-2,-2}
12    1761    {-1,-2,-2,-2,-2,-3,-3,-2,-2,-2,-1,2,-3}
12    1762    {-1,-2,-3,-3,-2,-2,-2,-2,-2,-3,-2,-1,2}
12    1763    {-1,-2,-3,-3,2,2,2,2,2,-3,-2,-1,2}
12    1764    {1,2,-3,-3,-2,-2,-2,-2,-2,-3,2,1,-2}
12    1765    {-1,2,3,4,-3,4,2,2,3,2,3,1,1,2}
12    1766    {-1,2,-1,-2,3,-2,3,4,4,3,-2,-4,-3,-3}
12    1767    {-1,2,-3,-4,2,3,-4,3,-2,3,1,4,1,2}
12    1768    {-1,2,3,-1,3,-4,-2,3,2,-4,2,-3}
12    1769    {-1,2,3,-1,3,-4,3,-2,3,2,-4,-3}
12    1770    {-1,2,3,-1,3,-2,-2,1,1,-2,-3,2,-1}
12    1771    {-1,2,3,3,-2,-2,1,1,-2,-3,2,-1,2}
12    1772    {1,-2,-3,-3,2,2,2,1,-2,-3,1,-2,1}
12    1773    {1,-2,-3,-3,2,-1,2,-3,1,1,1,-2,1}
12    1774    {1,2,-3,-3,-2,1,-2,-1,2,2,-3,2,1}
12    1775    {1,2,-3,-3,-2,-2,-1,-1,-2,-3,2,1,-2}
12    1776    {-1,2,-1,-2,-3,2,-3,-2,3,-2,3,3,3}
12    1777    {-1,2,2,-3,1,-3,1,2,-3,4,2,-3,4,3}
12    1778    {-1,2,3,3,2,-1,-1,-2,3,4,-3,4,-2,-3}
12    1779    {-1,2,3,4,-1,-3,4,2,-3,2,3,-2,-2,3}
12    1780    {1,2,-3,-3,-2,-2,1,1,-2,-3,2,1,-2}
12    1781    {1,-2,-2,1,1,-2,-2,3,3,-2,1,-2,-3}
12    1782    {-1,2,3,-4,-1,2,3,2,-4,2,3,3}
12    1783    {-1,2,-3,4,2,-1,-1,-2,3,3,3,2,-3,4}
12    1784    {-1,2,-3,-4,-1,-2,3,-2,-4,-2,-3,-3}
12    1785    {-1,2,3,-2,3,2,-4,-1,-1,2,3,-2,3,-4}
12    1786    {-1,2,-3,4,4,-3,2,1,1,2,-3,-4,2,-3}
12    1787    {-1,2,3,-4,-1,3,-4,-2,3,-2,-4,3}
12    1788    {1,-2,3,-1,3,-1,-1,-1,2,-3,2,-1,-2}
12    1789    {-1,2,-3,-2,3,-2,-3,1,-3,-4,3,1,2,-4}
12    1790    {1,2,3,1,3,1,1,1,2,-3,2,1,2}
12    1791    {-1,2,3,2,3,2,3,1,3,4,-3,1,2,4}
12    1792    {-1,2,3,-4,-1,-4,3,2,3,-4,3,-4}
12    1793    {-1,2,-3,-4,-1,-4,-3,2,-3,4,-3,4}
12    1794    {-1,2,3,-1,-2,3,-4,3,3,-2,3,-4}
12    1795    {-1,2,3,-4,-1,-2,-4,3,-2,-4,3,-4}
12    1796    {1,2,2,3,1,3,-2,-2,1,1,-2,-3,1}
12    1797    {-1,2,3,-1,3,-4,2,3,2,-4,2,3}
12    1798    {-1,2,-3,-1,-3,-4,-2,3,-2,-4,-2,-3}
12    1799    {-1,2,2,3,-1,3,-2,-2,1,-2,-1,2,-3}
12    1800    {1,2,3,-1,3,2,2,-1,2,-3,2,1,-2}
12    1801    {-1,2,1,1,1,2,3,3,3,2,-1,2,-3}
12    1802    {-1,2,3,3,2,2,2,1,-2,-3,1,2,-1}
12    1803    {-1,2,2,3,1,3,1,-2,3,4,-2,-3,4,3}
12    1804    {-1,2,2,-3,4,1,1,2,-3,2,4,-3,4,3}
12    1805    {-1,2,-3,-1,2,2,-3,-3,2,2,2,-3,-2}
12    1806    {1,-2,-2,-3,-1,-3,-2,-2,-2,-3,-1,-2,-2}
12    1807    {-1,2,-1,-2,3,-2,3,2,-3,2,-3,-4,3,-4}
12    1808    {-1,2,-3,4,-1,-3,-4,-2,3,-2,-4,-3}
12    1809    {-1,2,3,-4,-1,3,-4,2,3,2,-4,3}
12    1810    {-1,2,-1,-2,-3,2,-3,-2,3,-2,-2,-2,3}
12    1811    {-1,2,3,4,-3,4,-2,-2,3,2,-3,1,1,2}
12    1812    {-1,2,3,-1,-2,3,4,-5,3,3,2,-3,4,3,-5}
12    1813    {-1,2,-1,-2,-3,4,-5,2,3,3,-4,2,3,-4,-5}
12    1814    {1,1,2,2,-3,1,-2,1,-2,-2,3,3,2}
12    1815    {-1,2,3,3,2,1,1,2,-3,-4,2,3,-4,3}
12    1816    {-1,-1,-2,-2,-3,-1,2,-1,-2,-2,-3,-3,2}
12    1817    {-1,-2,3,-4,-2,-3,1,1,2,2,3,3,2,-4}
12    1818    {-1,-2,3,-2,3,-2,4,1,1,-2,3,-2,3,4}
12    1819    {1,2,2,3,1,3,-2,-2,-2,1,-2,-2,-3}
12    1820    {-1,2,3,4,-1,2,-3,2,-3,4,-3,2,-3,-3}
12    1821    {-1,2,-1,-2,-3,-3,2,2,-3,2,2,-3,-3}
12    1822    {-1,2,3,-1,3,-1,-2,1,-2,-3,2,-1,2}
12    1823    {-1,2,-3,-1,-3,4,2,4,3,-4,-2,-2,3,-4}
12    1824    {-1,2,2,-1,-1,-2,-2,3,3,2,-1,2,-3}
12    1825    {-1,2,3,4,-1,2,-3,2,4,-3,2,4,-3,-3}
12    1826    {-1,2,-1,-2,-3,-3,2,-3,2,-3,2,-3,-3}
12    1827    {1,2,2,3,1,3,-2,-2,1,-2,1,-2,-3}
12    1828    {-1,2,3,3,-2,1,-2,-3,-1,2,-1,2,2}
12    1829    {-1,2,3,3,-2,1,-2,-3,-1,-1,-1,2,-1}
12    1830    {-1,2,-3,4,-1,2,-3,-3,-4,3,-2,-3,-3,4}
12    1831    {-1,2,3,3,2,-1,2,-3,1,1,1,2,-1}
12    1832    {1,-2,-2,3,-1,3,-1,2,-1,2,-3,-2,-2}
12    1833    {-1,2,2,3,-4,3,1,1,-2,3,-2,4,4,3}
12    1834    {-1,-1,-1,2,3,3,-2,1,-2,-3,-1,2,-1}
12    1835    {-1,2,3,-1,-2,-3,4,-3,-2,4,-3,4,3,-2}
12    1836    {1,-2,-3,-3,-2,1,2,2,2,-3,-2,1,-2}
12    1837    {1,-2,1,2,-3,2,2,3,1,3,-2,1,-2}
12    1838    {-1,-2,-3,-3,-2,1,1,-2,3,-4,3,-4,-2,3}
12    1839    {-1,2,3,-1,3,-4,3,2,3,-4,3,3,2,4}
12    1840    {-1,2,-3,-1,-3,-4,2,3,2,-4,3,-4}
12    1841    {-1,-2,1,-2,3,-4,3,2,-1,2,-3,4,-3,-4}
12    1842    {-1,-2,-2,3,-4,5,4,-3,2,-1,4,-2,-5,-2,3,2,-4}
12    1843    {-1,2,3,4,-3,4,3,2,1,1,-2,-2,-3,4,-3,2}
12    1844    {-1,-2,1,-2,-3,4,-3,2,-1,2,3,-4,3,-4}
12    1845    {-1,2,2,3,1,3,-4,1,2,2,3,-2,-4,3}
12    1846    {-1,2,-1,-2,-3,-4,-4,-3,-2,-2,3,-4,3,3,3,4}
12    1847    {1,-2,3,3,-2,1,1,1,-2,-3,1,-2,1}
12    1848    {1,-2,3,3,-2,-2,1,1,-2,-3,-2,1,-2}
12    1849    {-1,-2,3,3,-2,1,1,-2,3,4,-3,4,-2,3}
12    1850    {-1,2,3,-1,3,-2,3,-4,-3,-3,2,2,3,-4}
12    1851    {-1,2,2,3,1,3,1,2,-3,-4,2,3,-4,-3}
12    1852    {-1,-2,-3,-3,-4,-2,1,1,-2,3,-2,-4,-4,3}
12    1853    {1,1,1,-2,3,3,-2,1,-2,-3,1,-2,1}
12    1854    {-1,2,-3,4,2,-3,-4,3,2,-3,1,-4,1,2}
12    1855    {1,-2,3,3,-2,1,-2,1,-2,-2,-3,-2,1}
12    1856    {1,-2,3,3,-2,1,1,-2,1,-2,-3,-2,1}
12    1857    {-1,-1,-1,2,2,3,-1,3,-1,-2,1,-2,-3}
12    1858    {-1,-2,-2,-2,-2,-2,-2,-1,-1,2,2,2}
12    1859    {-1,2,2,2,2,2,2,-1,-1,-2,-2,-2}
12    1860    {1,-2,3,1,3,2,-3,2,2,-1,2,-1,2}
12    1861    {-1,2,-1,-2,-2,3,-1,3,2,-3,2,-1,2}
12    1862    {-1,-2,-2,-2,-2,-2,-2,-1,-1,-2,-2,-2}
12    1863    {-1,-2,-3,-3,-2,-2,-2,-3,-2,-2,-2,-1,2}
12    1864    {-1,2,-3,-1,-3,-3,-2,-2,-2,-3,-3,-3,-2}
12    1865    {-1,2,-1,-2,-3,2,-3,-2,-2,-2,3,-2,3}
12    1866    {1,-2,-2,3,-1,3,2,2,2,-3,-1,-2,-2}
12    1867    {-1,2,3,-1,3,-4,2,-3,2,-4,-3,-4}
12    1868    {-1,2,2,-3,1,-3,1,-2,3,-4,-2,3,-4,-3}
12    1869    {-1,-2,-3,-4,2,3,-4,-3,-2,-1,-1,-2,-2,-2}
12    1870    {-1,2,-1,-2,-3,-4,2,-4,-3,-2,3,4,-2,3}
12    1871    {-1,2,-3,4,-1,-3,4,4,3,3,4,-2,3,-2}
12    1872    {-1,2,-1,-2,3,-4,2,-4,-3,-3,2,4,3,-4}
12    1873    {-1,2,-1,-2,-3,-4,-2,-4,-3,-2,-3,4,-2,-3}
12    1874    {-1,2,-3,-1,-3,4,2,-3,4,-3,2,2,3,-4}
12    1875    {-1,2,3,3,-4,2,1,1,-2,3,-2,-4,-4,-3}
12    1876    {1,-2,3,-1,3,2,-1,2,-3,-1,2,-1,-2}
12    1877    {1,-2,1,2,3,3,3,2,-1,2,-3,2,2}
12    1878    {-1,2,3,-1,3,3,3,3,2,-3,2,3,3}
12    1879    {-1,-2,-3,-3,-2,-2,-1,-1,-2,-3,-2,-1,2}
12    1880    {-1,2,-3,-1,-3,-3,-3,-3,-2,3,-2,3,3}
12    1881    {-1,2,-1,-2,3,-4,-2,-4,-3,-3,-2,4,-3,4}
12    1882    {1,2,3,3,2,2,1,1,2,-3,2,1,-2}
12    1883    {-1,2,-1,-2,-3,4,-2,4,-3,2,-3,4,-2,-3}
12    1884    {-1,2,3,-1,3,-1,-4,2,3,2,-4,3,3,4}
12    1885    {1,-2,3,-1,3,2,2,-1,2,-3,2,-1,-2}
12    1886    {-1,2,2,1,1,2,-3,4,-2,-3,-2,4,-3,4}
12    1887    {1,2,3,3,-2,1,-2,-2,-2,-3,1,2,1}
12    1888    {-1,2,-3,-1,-3,-2,-2,-3,-4,3,-4,-2,-3,-2}
12    1889    {-1,-2,-3,-3,4,-2,1,1,-2,-3,-3,-3,-2,4,4,3}
12    1890    {-1,2,3,-1,-2,3,3,-4,3,2,3,-4,3,-2}
12    1891    {1,2,3,1,3,-2,1,-2,-3,1,2,1,2}
12    1892    {-1,2,2,-1,-1,2,-1,-1,-2,-2,-2,-2}
12    1893    {-1,2,2,-3,1,-3,-2,-2,-2,-3,1,2,2}
12    1894    {-1,2,1,-2,1,2,-3,2,-1,2,3,3,2}
12    1895    {-1,2,-1,-2,3,-2,3,2,-3,2,3,3,3}
12    1896    {-1,2,-1,-2,-3,2,-3,-2,3,-2,3,4,-3,4}
12    1897    {-1,2,-3,-1,-3,2,-3,-2,-2,3,-2,-2,3}
12    1898    {-1,2,-3,-1,-3,2,2,-3,-2,3,-2,3,3}
12    1899    {-1,2,3,4,-1,-2,3,3,3,-2,-3,4,3,-2}
12    1900    {-1,2,-3,4,-1,2,4,3,-4,3,4,4}
12    1901    {-1,-2,-3,-3,4,-2,1,1,2,-3,2,4,4,-3}
12    1902    {-1,2,-3,4,-1,-3,2,-3,2,4,3,3}
12    1903    {-1,-2,-3,-3,-2,1,1,2,-3,4,-3,4,2,-3}
12    1904    {-1,2,3,-1,3,-4,-2,3,-2,-4,3,-4}
12    1905    {-1,2,-3,-1,-3,-4,-2,3,-2,-4,3,-4}
12    1906    {-1,2,3,-1,3,-4,2,3,2,-4,3,-4}
12    1907    {-1,2,-3,-1,-3,-4,2,-3,2,-4,-3,-4}
12    1908    {-1,2,3,-1,3,4,2,-3,2,4,-3,4}
12    1909    {-1,-2,-3,-3,-4,-2,1,1,-2,3,-2,-4,3,-2}
12    1910    {-1,2,-3,4,2,-3,1,1,-2,-2,-3,-3,-2,4}
12    1911    {-1,2,3,-4,-1,2,3,3,3,2,3,-4,3,-2}
12    1912    {-1,2,-1,-2,3,3,2,2,3,3,2,2,3}
12    1913    {-1,2,-1,-2,3,-4,2,-4,3,2,3,-4,2,3}
12    1914    {-1,2,-3,-4,-1,-3,-2,-2,3,-2,3,-4,-3,-3}
12    1915    {-1,-1,-2,-3,1,-2,1,2,2,-3,-3,2,2}
12    1916    {-1,2,3,-1,-2,3,-2,-4,3,-2,3,-4}
12    1917    {-1,2,-3,-1,2,-3,-2,-4,3,-2,3,-4}
12    1918    {-1,2,3,-1,-2,3,-2,4,3,-2,3,4}
12    1919    {-1,2,-3,-1,2,-3,2,4,3,-2,3,4}
12    1920    {-1,2,-3,-1,2,-3,2,-4,-3,2,-3,-4}
12    1921    {1,-2,3,3,-2,1,-2,-3,1,-2,1,-2,-2}
12    1922    {-1,2,3,-1,-2,3,-4,3,-2,3,3,-4}
12    1923    {-1,-2,-3,-3,4,-2,1,1,2,-3,2,4,-3,2}
12    1924    {-1,2,-3,4,-1,3,3,4,2,-3,4,-3}
12    1925    {-1,2,3,-4,-1,3,3,2,-3,4,4,3,3,-4}
12    1926    {1,2,2,-3,1,1,2,2,3,3,2,1,-2}
12    1927    {1,2,3,3,-2,1,1,1,-2,-3,1,2,1}
12    1928    {-1,2,2,1,1,2,2,2,2,1,1,2}
12    1929    {-1,2,-3,-1,-3,-3,-2,3,-2,-2,-2,3,3}
12    1930    {-1,2,3,-4,1,3,4,2,-1,2,1,3,-4,3,2,4}
12    1931    {-1,2,3,3,2,1,1,-2,3,4,-3,4,-2,3}
12    1932    {1,2,2,2,3,1,3,1,2,-3,2,1,-2}
12    1933    {-1,2,3,-1,-2,-3,-4,-3,2,-4,3,-4,3,-2}
12    1934    {-1,2,-3,-1,-3,-3,-2,-2,3,-2,3,3,3}
12    1935    {-1,2,2,1,1,2,2,1,1,2,2,2}
12    1936    {-1,2,3,-1,3,3,2,-3,2,3,3,3,3}
12    1937    {1,-2,3,3,2,2,1,1,2,-3,-2,1,-2}
12    1938    {1,-2,3,3,2,2,-1,-1,2,-3,-2,1,-2}
12    1939    {-1,2,-3,4,-1,2,3,3,3,2,4,-3,-2,4}
12    1940    {-1,-1,-2,-2,-3,1,-2,1,2,2,-3,-3,2}
12    1941    {-1,2,3,-1,3,3,2,2,2,-3,2,3,3}
12    1942    {-1,2,-1,-2,3,-4,-2,-4,-3,-2,-3,4,-2,3}
12    1943    {-1,2,-1,-2,-3,-3,-2,-2,-3,-3,-2,-2,3}
12    1944    {-1,2,-1,-2,-3,-4,-2,-4,3,3,-2,-4,3,4}
12    1945    {-1,2,-3,-1,-3,-3,-2,3,-2,3,3,3,3}
12    1946    {-1,2,-3,-1,-3,-3,-2,-2,-2,3,-2,3,3}
12    1947    {-1,2,3,-1,3,3,2,-3,2,3,3,4,-3,4}
12    1948    {-1,2,-3,-3,-2,-2,-3,-1,-3,-2,3,-2,-2}
12    1949    {-1,2,3,-1,3,4,-2,-3,4,-3,2,2,3,4}
12    1950    {-1,2,-1,-2,-3,4,2,2,-3,-3,2,2,3,4}
12    1951    {-1,2,3,-4,-1,2,3,3,3,2,-4,3,-2,-4}
12    1952    {-1,2,3,-4,-1,3,-4,2,3,-4,3,-4}
12    1953    {-1,-2,-2,-1,-1,-2,3,-4,2,3,2,-4,3,-4}
12    1954    {-1,2,-1,2,-1,2,-1,-2,-2,-2,-2,-2}
12    1955    {1,-2,3,1,3,2,-3,2,2,1,-2,1,-2}
12    1956    {1,-2,3,1,3,2,2,2,1,-3,-2,1,-2}
12    1957    {-1,2,3,-1,-2,-3,-4,3,-2,-4,3,-4,3,-2}
12    1958    {1,2,2,1,1,1,-2,-3,-2,-2,1,-3,-3}
12    1959    {-1,2,2,-1,-1,-1,-2,-3,-2,-2,-1,-3,-3}
12    1960    {-1,2,2,-3,4,3,-1,-1,-2,3,3,2,4,3,3,-2}
12    1961    {1,1,1,2,2,1,-2,-3,-2,-2,1,-3,-3}
12    1962    {-1,-1,-1,2,2,-1,-1,-2,-2,-2,-2,-2}
12    1963    {-1,-1,-1,-2,-2,-1,-1,2,2,2,2,2}
12    1964    {-1,-2,-2,3,4,-3,-1,4,3,-1,2,2,3,-2}
12    1965    {-1,2,3,1,3,1,1,1,2,-3,2,-1,2}
12    1966    {-1,2,3,-1,3,2,-3,2,-1,-2,-2,-2,-2}
12    1967    {-1,-1,-1,-2,-2,-1,-1,-2,-2,-2,-2,-2}
12    1968    {-1,2,-1,-2,-2,-2,-3,-3,-2,-2,-3,-3,-3}
12    1969    {1,1,2,2,1,1,-2,-3,-2,-2,1,-3,-3}
12    1970    {-1,-1,2,2,-1,-1,-2,-3,-2,-2,-1,-3,-3}
12    1971    {-1,2,-1,2,-1,-1,-1,-2,1,-2,-2,-2}
12    1972    {-1,2,-1,2,-1,-1,-1,2,-1,-2,-2,-2}
12    1973    {-1,2,-1,-2,3,3,-2,-2,-3,-3,-2,-2,3}
12    1974    {-1,2,-1,-2,-3,2,-3,-3,-3,2,-3,2,-3}
12    1975    {-1,2,-1,-2,3,4,-2,4,-3,-3,-2,-4,3,-4}
12    1976    {-1,-1,-1,-2,-2,-2,-2,-1,-1,-2,-2,-2}
12    1977    {1,2,2,2,3,1,3,1,1,2,-3,2,1}
12    1978    {-1,-2,-2,3,-1,3,-1,2,-3,4,2,-3,4,3}
12    1979    {1,2,3,3,2,1,1,1,2,-3,2,2,1}
12    1980    {1,2,3,3,2,2,1,1,1,2,-3,2,1}
12    1981    {-1,-2,-2,3,-1,-1,-2,-2,-3,-3,-4,2,3,-4}
12    1982    {-1,-2,-2,-3,-1,-1,-2,-2,-3,-3,-2,-1,2}
12    1983    {1,2,-1,2,1,-3,1,-3,-3,2,1,-3,-3}
12    1984    {-1,-2,-2,3,-4,-1,-1,-2,3,-2,-4,3,-4,-3}
12    1985    {-1,-2,-2,3,-1,3,-1,-2,3,-4,-2,3,-4,-3}
12    1986    {1,2,3,3,2,-1,2,-3,-1,2,2,2,1}
12    1987    {-1,2,-1,-2,3,-2,-3,-4,-4,-3,2,-3,4,-3}
12    1988    {-1,2,-1,2,3,3,3,3,2,1,1,2,-3}
12    1989    {-1,2,3,4,-3,4,3,-2,3,1,-4,3,1,2}
12    1990    {-1,2,3,3,2,-1,-2,-2,-2,-3,2,-1,2}
12    1991    {-1,2,-1,-2,-3,2,-3,2,-3,2,-3,-3,-3}
12    1992    {-1,2,-3,4,-1,-3,2,-3,-2,3,4,-3,-2,4}
12    1993    {-1,2,3,-4,-1,2,2,-3,2,-3,-3,-4,3,-2}
12    1994    {1,2,-3,-4,1,2,-3,1,2,-4,-3,-4}
12    1995    {-1,2,2,2,1,-2,1,-2,1,2,2,2}
12    1996    {-1,2,2,2,-1,2,-1,-2,1,-2,-2,-2}
12    1997    {-1,2,2,2,-1,2,-1,2,-1,-2,-2,-2}
12    1998    {-1,2,-1,-2,3,3,2,2,-3,-3,2,2,3}
12    1999    {-1,2,-1,-2,-3,2,-3,2,-3,2,2,2,-3}
12    2000    {1,-2,3,3,-2,1,-2,-2,-2,-3,-2,1,-2}
12    2001    {1,1,1,-2,3,3,-2,1,-2,-3,-2,1,-2}
12    2002    {1,-2,1,-2,-3,-2,1,2,2,-3,-3,-2,-2}
12    2003    {-1,2,3,-4,-2,-3,4,-3,2,-3,1,-4,1,2}
12    2004    {1,-2,3,1,3,1,-2,1,-2,-3,-2,1,-2}
12    2005    {-1,-1,2,2,-3,1,-2,1,2,2,3,3,2}
12    2006    {-1,-2,1,-2,-1,2,-3,2,-1,2,3,3,2}
12    2007    {-1,2,-1,-2,3,-2,3,-2,3,-2,-3,-3,-3}
12    2008    {-1,2,-3,4,2,3,1,3,1,-2,3,-2,3,4}
12    2009    {-1,-2,-2,-1,-1,-1,-1,2,2,2,2,2}
12    2010    {-1,2,2,-1,-1,-1,-1,-2,-2,-2,-2,-2}
12    2011    {1,2,3,-1,3,-1,-1,-1,2,-3,2,1,-2}
12    2012    {1,-2,3,1,3,1,1,1,2,-3,2,-1,2}
12    2013    {-1,-2,-2,-1,-1,-1,-1,-2,-2,-2,-2,-2}
12    2014    {-1,2,-3,2,3,-2,3,1,3,4,-3,1,2,4}
12    2015    {-1,2,3,4,-1,2,2,-3,4,-2,-2,3,-2,3}
12    2016    {-1,2,3,2,3,-1,-1,2,-3,2,-1,2,3}
12    2017    {-1,2,3,2,3,1,1,2,-3,2,-1,2,3}
12    2018    {1,2,3,2,3,-1,-1,2,-3,2,1,-2,3}
12    2019    {-1,-2,3,4,-2,-2,-3,1,1,2,-3,2,4,3}
12    2020    {-1,2,3,-4,-1,-2,3,4,4,3,2,2,3,-4}
12    2021    {-1,2,-1,-2,-3,2,-3,2,-3,2,-3,-4,3,-4}
12    2022    {1,2,3,3,2,-1,2,2,2,-3,-1,2,1}
12    2023    {-1,2,-1,-2,-3,-3,-4,-4,-3,-2,3,-2,-3,4,2,3}
12    2024    {-1,2,3,-4,-1,2,2,3,-4,3,-2,3,4,4}
12    2025    {1,2,3,-1,3,2,-1,2,-3,-1,2,1,-2}
12    2026    {-1,2,2,1,1,2,2,3,3,2,-1,2,-3}
12    2027    {-1,-2,-2,-1,-1,-2,-2,3,3,2,-1,2,-3}
12    2028    {1,-2,3,-1,3,2,-1,2,-3,-1,-2,1,-2}
12    2029    {1,-2,3,3,-2,1,-2,-3,-2,1,-2,-2,-2}
12    2030    {-1,-1,2,2,1,1,2,-3,2,-1,2,3,3}
12    2031    {-1,2,-1,-2,3,4,-2,4,-3,2,-3,-4,-2,3}
12    2032    {-1,2,3,3,2,1,1,-2,3,4,-2,-3,4,3}
12    2033    {-1,2,-1,-2,3,-4,2,-4,-3,2,-3,4,2,3}
12    2034    {-1,2,-1,-2,-3,-4,2,-4,-3,2,-3,4,2,-3}
12    2035    {-1,2,2,1,1,-2,-2,1,1,2,2,2}
12    2036    {-1,2,2,-1,-1,2,2,-1,-1,-2,-2,-2}
12    2037    {-1,-2,-2,-1,-1,-2,-2,-1,-1,2,2,2}
12    2038    {-1,2,2,-1,-1,-2,-2,-1,-1,-2,-2,-2}
12    2039    {-1,2,2,-1,-1,-2,-2,-1,-1,2,2,2}
12    2040    {-1,2,-1,-2,3,-2,3,2,2,2,3,-2,3}
12    2041    {-1,2,1,1,2,-3,2,-1,2,2,3,3,2}
12    2042    {-1,2,-1,-2,-3,2,-3,2,2,2,-3,2,-3}
12    2043    {-1,2,-1,-2,-3,2,-3,-2,-2,3,-2,4,-3,4}
12    2044    {-1,2,-1,-2,3,3,4,2,2,-3,-2,4,-2,3}
12    2045    {-1,-2,3,-4,2,2,3,1,1,-2,3,-2,-4,3}
12    2046    {-1,2,-3,4,2,3,1,1,2,2,3,3,2,4}
12    2047    {-1,2,3,3,2,1,1,2,-3,-4,2,3,-4,-3}
12    2048    {-1,-2,3,2,-3,2,-4,1,1,2,-3,2,-3,-4}
12    2049    {-1,2,3,-4,-1,3,2,2,3,3,-4,2,3,-2}
12    2050    {-1,2,-1,-2,3,3,-4,2,2,3,2,-4,2,3}
12    2051    {-1,2,3,-2,3,2,-4,3,1,1,-2,-2,-3,-3,2,-4}
12    2052    {1,1,2,2,-3,1,-2,1,2,2,3,3,2}
12    2053    {-1,2,3,-1,-2,-3,-3,4,-3,-2,-2,-3,-3,4}
12    2054    {-1,2,3,4,-1,4,3,3,2,-3,2,-4,3,3}
12    2055    {-1,2,-1,-1,-1,2,2,1,1,1,1,2}
12    2056    {-1,2,-1,-2,-3,-3,2,2,-3,-2,-2,3,3}
12    2057    {1,2,3,3,2,2,-1,-1,2,-3,2,1,-2}
12    2058    {-1,2,3,3,2,2,1,1,2,-3,2,-1,2}
12    2059    {-1,2,3,-1,3,2,2,1,1,2,-3,2,-1}
12    2060    {-1,2,3,-1,3,-2,-2,-1,-1,2,-3,2,-1}
12    2061    {1,-2,-2,3,3,-2,1,-2,-2,-2,-3,-2,-2}
12    2062    {-1,2,-3,4,-1,-3,-3,2,-3,-2,3,4,-3,-2}
12    2063    {-1,-2,-3,-3,4,-2,-3,1,1,2,-3,4,-3,2}
12    2064    {-1,-2,-3,-2,-3,-2,4,1,1,2,-3,2,-3,4}
12    2065    {1,2,3,3,2,-1,-1,-1,2,-3,-1,2,1}
12    2066    {-1,2,3,-1,3,3,2,2,3,3,-2,3,-2}
12    2067    {1,-2,-3,-3,2,-1,2,-3,1,-2,1,-2,-2}
12    2068    {-1,2,3,-4,-1,2,-4,2,3,-2,3,4,-3,4}
12    2069    {-1,2,3,2,3,-1,-1,2,-3,-1,2,3,-1}
12    2070    {1,-2,-2,3,1,3,1,-2,1,-2,-3,-2,-2}
12    2071    {-1,2,-3,4,-1,2,2,3,3,4,2,-3,-2,4}
12    2072    {-1,2,3,-4,-1,2,2,3,3,-4,2,3,-2,-4}
12    2073    {-1,2,3,3,2,1,1,2,-3,-4,3,-4,2,-3}
12    2074    {-1,2,-3,-3,2,1,1,2,-3,4,2,-3,4,3}
12    2075    {-1,2,-1,-2,-3,2,2,-3,2,2,-3,-3,-3}
12    2076    {-1,2,-1,-2,3,3,-2,-2,-3,-4,2,2,3,-4}
12    2077    {-1,2,-1,-2,-3,-3,4,2,3,3,4,2,-3,4}
12    2078    {-1,2,-3,2,-3,-2,3,-1,2,-3,-1,2,2}
12    2079    {1,2,3,3,-2,1,1,-2,1,-2,-3,2,1}
12    2080    {-1,2,-1,-2,-3,2,2,2,2,-3,2,2,-3}
12    2081    {-1,2,3,-1,3,3,3,2,-3,-3,2,2,3}
12    2082    {-1,2,3,4,-1,-2,-2,3,3,4,-2,3,-2,-4}
12    2083    {-1,2,-3,-4,3,-4,2,2,3,-2,3,1,1,2}
12    2084    {1,2,2,2,3,3,2,-1,2,-3,-1,2,1}
12    2085    {-1,2,-3,2,3,-2,4,-3,1,4,3,1,2,-3,2,3}
12    2086    {-1,2,3,-2,3,2,-4,1,1,-2,3,-2,3,-4}
12    2087    {-1,2,-3,2,-3,2,4,1,1,-2,3,-2,3,4}
12    2088    {1,2,3,3,-2,1,-2,1,-2,-2,-3,2,1}
12    2089    {-1,-2,1,-2,-3,2,-1,-3,-2,3,-2,-3,-3}
12    2090    {-1,2,-3,-1,2,2,-3,-3,-2,3,-2,3,3}
12    2091    {-1,2,-3,-1,2,-3,-3,2,-3,-3,2,-3,-2}
12    2092    {1,-2,-2,3,1,3,2,2,2,-3,1,-2,-2}
12    2093    {-1,2,3,-1,-2,-3,-4,3,-2,3,-4,3,3,-2}
12    2094    {1,1,2,2,1,1,-2,-3,2,-1,2,3,3,2,2}
12    2095    {1,-2,1,2,3,2,-1,3,2,-3,2,3,3}
12    2096    {1,2,3,3,-2,-2,1,-2,-3,-3,-2,-2,-3}
12    2097    {-1,2,3,4,-1,2,2,2,-3,2,-3,-2,4,-2,3,2}
12    2098    {-1,2,-3,4,-1,-2,4,3,-2,3,3,-4,3,-4}
12    2099    {1,-2,-1,2,-3,2,-1,-3,-2,3,-2,-3,-3}
12    2100    {1,2,-1,2,-3,2,1,-3,-2,3,-2,-3,-3}
12    2101    {-1,2,-3,4,-1,-2,4,-2,3,-2,3,-4,3,-4}
12    2102    {-1,-2,-3,-3,-4,-2,3,1,-4,-3,1,-2,3,-2,3,-4}
12    2103    {-1,2,-3,-2,3,1,1,2,-3,2,-1,2,-3}
12    2104    {-1,2,-3,-4,-1,3,3,-2,-2,3,-4,3,-2,3}
12    2105    {-1,2,3,-1,3,2,-3,-3,-3,-3,2,2,3}
12    2106    {-1,2,-1,-2,3,-4,2,2,3,-4,-3,2,2,3}
12    2107    {-1,2,3,-1,3,-1,-2,1,-2,-3,-1,2,-1}
12    2108    {-1,2,2,1,1,-2,1,1,2,2,2,2}
12    2109    {-1,-2,-2,1,1,-2,-1,-1,2,2,2,2}
12    2110    {-1,2,2,-1,-1,-2,1,1,-2,-2,-2,-2}
12    2111    {-1,2,-1,-2,3,-2,-2,-3,-3,-3,-2,-2,3}
12    2112    {-1,2,3,-1,2,2,3,3,-2,-2,-2,3,-2}
12    2113    {1,-2,1,-2,-2,3,1,3,2,-3,2,-1,2}
12    2114    {-1,2,3,-4,-1,2,-3,2,-3,-3,-3,-4,3,-2}
12    2115    {-1,2,-1,-2,-3,2,-3,-3,2,-3,2,2,-3}
12    2116    {1,-2,3,3,-2,1,-2,-3,-2,-2,1,-2,1}
12    2117    {-1,2,2,1,1,-2,-2,-2,1,1,2,2}
12    2118    {-1,2,2,-1,-1,-2,-2,-2,-1,-1,-2,-2}
12    2119    {-1,2,2,-1,-1,-2,-2,-2,-1,-1,2,2}
12    2120    {-1,2,-1,-2,3,3,2,2,-3,2,2,3,3}
12    2121    {-1,2,2,-1,2,2,3,-1,3,-2,1,-2,-3}
12    2122    {-1,2,-1,-2,-3,2,-3,-4,-4,-3,2,-3,-3,4}
12    2123    {1,2,3,-2,3,-1,-1,2,-3,2,1,-2,-3}
12    2124    {1,1,2,2,-3,-1,2,-1,2,2,3,3,2}
12    2125    {1,-2,-3,4,1,-2,-3,1,-2,4,-3,4}
12    2126    {-1,-2,3,-4,1,-2,-3,-1,2,4,-3,-4}
12    2127    {-1,2,-3,-4,-1,2,-3,-1,2,-4,-3,-4}
12    2128    {1,2,-3,4,1,-3,2,1,-3,2,4,-3}
12    2129    {-1,2,-1,-2,-3,4,-3,2,4,3,3,2,4,-3}
12    2130    {-1,-2,-3,-3,4,-2,-3,1,4,1,2,-3,2,4}
12    2131    {-1,2,-3,4,-1,-3,-2,3,-2,-3,4,-3,-2,4}
12    2132    {1,2,-3,-4,-3,2,1,-3,-4,-3,5,4,-2,-3,4,3,-5}
12    2133    {1,-2,3,3,-2,1,1,1,-2,-3,-2,1,-2}
12    2134    {-1,-2,3,-2,3,-2,1,1,-2,3,4,-3,-2,4}
12    2135    {-1,2,-3,2,-3,2,1,1,-2,3,4,-3,-2,4}
12    2136    {1,-2,3,3,2,1,1,1,2,-3,-2,1,-2}
12    2137    {-1,2,3,3,2,1,1,1,2,-3,2,-1,2}
12    2138    {-1,2,2,2,2,1,1,2,2,1,1,2}
12    2139    {-1,2,-1,-2,-2,-3,-3,-2,-2,-3,2,-3,-2}
12    2140    {-1,2,-3,2,-3,2,-3,-2,-1,2,-3,2,2}
12    2141    {-1,-1,-2,-2,-3,-1,2,-1,2,2,3,3,2}
12    2142    {-1,-2,3,-4,2,2,3,1,3,-4,1,2,3,-4}
12    2143    {1,1,1,-2,-2,3,3,-2,1,-2,-3,-2,-2}
12    2144    {-1,-2,-2,-3,4,3,-2,-2,1,1,-2,3,-2,4}
12    2145    {-1,2,-1,-2,3,-4,3,2,-4,3,3,2,-4,3}
12    2146    {-1,2,-1,-2,-3,4,2,4,3,3,2,4,-3,4}
12    2147    {-1,2,-1,-2,3,-4,2,-4,3,3,2,-4,3,-4}
12    2148    {-1,-2,-2,1,-2,-2,3,-1,3,2,-1,2,-3}
12    2149    {-1,2,3,3,2,1,-2,1,2,2,-3,2,-1}
12    2150    {1,2,3,3,2,-1,-1,2,-1,2,-3,2,1}
12    2151    {1,2,3,3,2,-1,2,-1,2,2,-3,2,1}
12    2152    {-1,2,3,3,-2,-2,3,-1,-2,3,-2,-2,-2}
12    2153    {-1,2,3,3,-2,-2,3,-1,3,3,-2,3,-2}
12    2154    {1,-2,3,-2,3,-2,3,2,1,2,-3,-2,-2}
12    2155    {1,1,-2,1,1,2,-3,2,-1,2,3,3,2}
12    2156    {1,-2,-3,2,-3,-1,-1,2,-3,2,1,-2,3}
12    2157    {-1,2,-3,-4,-1,3,3,-4,-2,-2,3,-4,-2,3}
12    2158    {-1,2,-1,-2,-3,-3,-4,2,3,3,-4,2,3,-4}
12    2159    {1,2,-1,2,-3,4,2,3,1,3,2,-3,4,-3}
12    2160    {-1,2,-1,-2,3,3,-4,2,3,3,-4,2,3,-4}
12    2161    {1,2,-3,-4,2,-3,1,2,-3,2,-4,-3}
12    2162    {-1,-2,-3,2,-3,2,-1,2,-1,-3,2,-1,3}
12    2163    {-1,2,-1,-2,-3,2,2,-3,-3,-3,2,2,-3}
12    2164    {-1,2,-1,-2,-3,-4,2,2,3,-4,-3,2,2,-3}
12    2165    {-1,2,-3,-4,2,-3,-1,2,-3,2,-4,-3}
12    2166    {-1,-2,-3,-3,-4,-2,3,1,1,-2,3,4,4,3,2,2}
12    2167    {-1,2,-3,-1,2,-3,2,-3,-3,-2,-2,3,3}
12    2168    {-1,2,3,-1,3,-2,1,-2,-3,-1,2,-1,2}
12    2169    {-1,2,3,-2,3,2,4,1,4,1,3,2,-3,2,3,-4}
12    2170    {-1,2,2,2,1,1,-2,1,1,2,2,2}
12    2171    {1,-2,3,3,-2,1,-2,-3,-2,-2,-2,1,-2}
12    2172    {-1,2,-1,-2,-3,2,-3,4,-2,4,3,-2,3,-4}
12    2173    {-1,2,-3,4,-1,3,-2,-3,2,4,-3,2,-3,4}
12    2174    {-1,2,-1,-2,-3,2,-3,-4,2,-4,-3,2,-3,4}
12    2175    {-1,2,-1,2,-1,2,-1,-1,-2,-2,-2,-1}
12    2176    {-1,-1,-1,-2,-2,-2,-1,-1,-1,-2,-2,-2}
